"hash","date","status","path"
"b879f7994dc9c9dd0a0437a4f697074bcaf41724","2020-04-06","A","SQL/000Databases/war_accounts 29DEC2019/war_accounts.sql"
"b879f7994dc9c9dd0a0437a4f697074bcaf41724","2020-04-06","A","SQL/000Databases/war_characters 29DEC2019/war_characters.sql"
"b879f7994dc9c9dd0a0437a4f697074bcaf41724","2020-04-06","A","SQL/002Future/COMBAT.SQL"
"b879f7994dc9c9dd0a0437a4f697074bcaf41724","2020-04-06","A","SQL/003Uploaded/2019_12_22_00_war_world_BS_fix1.sql"
"b879f7994dc9c9dd0a0437a4f697074bcaf41724","2020-04-06","A","SQL/003Uploaded/2019_12_22_01_war_world_BS_fix2.sql"
"b879f7994dc9c9dd0a0437a4f697074bcaf41724","2020-04-06","A","SQL/003Uploaded/2019_12_22_02_war_world_BS_fix3.sql"
"b879f7994dc9c9dd0a0437a4f697074bcaf41724","2020-04-06","A","SQL/003Uploaded/2019_12_22_03_war_world_BS_fix4.sql"
"b879f7994dc9c9dd0a0437a4f697074bcaf41724","2020-04-06","A","SQL/003Uploaded/2019_12_22_04_war_world_BS_fix5.sql"
"b879f7994dc9c9dd0a0437a4f697074bcaf41724","2020-04-06","A","SQL/003Uploaded/2019_12_24_00_war_world_creature_updates.sql"
"b879f7994dc9c9dd0a0437a4f697074bcaf41724","2020-04-06","A","SQL/003Uploaded/2019_12_25_00_war_world_Nordland_creature_abilities.sql"
"b879f7994dc9c9dd0a0437a4f697074bcaf41724","2020-04-06","A","SQL/003Uploaded/2019_12_27_00_war_world_Nordland_creature_abilities - part 2.sql"
"b879f7994dc9c9dd0a0437a4f697074bcaf41724","2020-04-06","A","SQL/003Uploaded/2019_12_28_00_war_world_Norsca_creature_abilities.sql"
"b879f7994dc9c9dd0a0437a4f697074bcaf41724","2020-04-06","A","SQL/003Uploaded/2019_12_29_00_war_world_Troll country_creature_abilities.sql"
"b879f7994dc9c9dd0a0437a4f697074bcaf41724","2020-04-06","A","SQL/003Uploaded/2019_12_30_00_war_world_Norsca_creature_abilities - part 2.sql"
"b879f7994dc9c9dd0a0437a4f697074bcaf41724","2020-04-06","A","SQL/003Uploaded/2020_01_01_00_war_world_respawn_values_forts.sql"
"b879f7994dc9c9dd0a0437a4f697074bcaf41724","2020-04-06","A","SQL/003Uploaded/2020_01_04_00_war_world_Nordland_creature_abilities - part 3.sql"
"b879f7994dc9c9dd0a0437a4f697074bcaf41724","2020-04-06","A","SQL/003Uploaded/2020_01_14_00_war_world_ability_commands.sql"
"b879f7994dc9c9dd0a0437a4f697074bcaf41724","2020-04-06","A","SQL/003Uploaded/2020_01_14_01_war_world_abilities.sql"
"b879f7994dc9c9dd0a0437a4f697074bcaf41724","2020-04-06","A","SQL/003Uploaded/2020_01_14_02_war_world_ability_damage_heals.sql"
"b879f7994dc9c9dd0a0437a4f697074bcaf41724","2020-04-06","A","SQL/003Uploaded/2020_01_14_03_war_world_vendorRemoval.sql"
"b879f7994dc9c9dd0a0437a4f697074bcaf41724","2020-04-06","A","SQL/003Uploaded/2020_01_14_04_war_world_Mount Bloodhorn_creature_abilities.sql"
"b879f7994dc9c9dd0a0437a4f697074bcaf41724","2020-04-06","A","SQL/003Uploaded/2020_01_19_00_war_world_Ekrund_creature_abilities.sql"
"b879f7994dc9c9dd0a0437a4f697074bcaf41724","2020-04-06","A","SQL/003Uploaded/2020_04_06_00_war_world_Ekrund_creature_abilities.sql"
"b879f7994dc9c9dd0a0437a4f697074bcaf41724","2020-04-06","A","SQL/003Uploaded/2020_04_06_01_war_world_quests_creature_starter.sql"
"b879f7994dc9c9dd0a0437a4f697074bcaf41724","2020-04-06","A","SQL/003Uploaded/war_world_LEGACY/19May2019Release.sql"
"b879f7994dc9c9dd0a0437a4f697074bcaf41724","2020-04-06","A","SQL/003Uploaded/war_world_LEGACY/24-05-2019_ProdV.sql"
"b879f7994dc9c9dd0a0437a4f697074bcaf41724","2020-04-06","A","SQL/003Uploaded/war_world_LEGACY/AM_sent_fix.sql"
"b879f7994dc9c9dd0a0437a4f697074bcaf41724","2020-04-06","A","SQL/003Uploaded/war_world_LEGACY/AbilityChanges_Siege_V1.0.sql"
"b879f7994dc9c9dd0a0437a4f697074bcaf41724","2020-04-06","A","SQL/003Uploaded/war_world_LEGACY/Ability_changes_03082018.sql"
"b879f7994dc9c9dd0a0437a4f697074bcaf41724","2020-04-06","A","SQL/003Uploaded/war_world_LEGACY/Ability_fix_for_choppa_and_Engi.sql"
"b879f7994dc9c9dd0a0437a4f697074bcaf41724","2020-04-06","A","SQL/003Uploaded/war_world_LEGACY/Add_Proc_to_1_Magus_Inf_Staff_And_Stat_ADjust.sql"
"b879f7994dc9c9dd0a0437a4f697074bcaf41724","2020-04-06","A","SQL/003Uploaded/war_world_LEGACY/Add_Proc_to_2H_Melee_Inf_Weapons.sql"
"b879f7994dc9c9dd0a0437a4f697074bcaf41724","2020-04-06","A","SQL/003Uploaded/war_world_LEGACY/Add_Proc_to_WP-DOK_inf_chalice.sql"
"b879f7994dc9c9dd0a0437a4f697074bcaf41724","2020-04-06","A","SQL/003Uploaded/war_world_LEGACY/Add_iLvl_To_WP_Epic_Books.sql"
"b879f7994dc9c9dd0a0437a4f697074bcaf41724","2020-04-06","A","SQL/003Uploaded/war_world_LEGACY/Add_proc_to_WE_inf_wep.sql"
"b879f7994dc9c9dd0a0437a4f697074bcaf41724","2020-04-06","A","SQL/003Uploaded/war_world_LEGACY/Adjust_Stats-Procs_of_IB-BG-KoTbs-CH_Inf_Weps.sql"
"b879f7994dc9c9dd0a0437a4f697074bcaf41724","2020-04-06","A","SQL/003Uploaded/war_world_LEGACY/AlpahRVRRelease/00_General_Changes_V1.2.sql"
"b879f7994dc9c9dd0a0437a4f697074bcaf41724","2020-04-06","A","SQL/003Uploaded/war_world_LEGACY/AlpahRVRRelease/01_SQL-Butchers_Pass-Fort_V3.1.sql"
"b879f7994dc9c9dd0a0437a4f697074bcaf41724","2020-04-06","A","SQL/003Uploaded/war_world_LEGACY/AlpahRVRRelease/02_SQL-Stonewatch-Fort_V3.1.sql"
"b879f7994dc9c9dd0a0437a4f697074bcaf41724","2020-04-06","A","SQL/003Uploaded/war_world_LEGACY/AlpahRVRRelease/03_SQL-Maw-Fort_V3.1.sql"
"b879f7994dc9c9dd0a0437a4f697074bcaf41724","2020-04-06","A","SQL/003Uploaded/war_world_LEGACY/AlpahRVRRelease/04_SQL-Reikwald-Fort_V3.1.sql"
"b879f7994dc9c9dd0a0437a4f697074bcaf41724","2020-04-06","A","SQL/003Uploaded/war_world_LEGACY/AlpahRVRRelease/05_SQL-Fell_Landing-Fort_V3.1.sql"
"b879f7994dc9c9dd0a0437a4f697074bcaf41724","2020-04-06","A","SQL/003Uploaded/war_world_LEGACY/AlpahRVRRelease/06_SQL-Shiningway-Fort_V3.1.sql"
"b879f7994dc9c9dd0a0437a4f697074bcaf41724","2020-04-06","A","SQL/003Uploaded/war_world_LEGACY/AlpahRVRRelease/AbilityChanges_Siege_V1.0.sql"
"b879f7994dc9c9dd0a0437a4f697074bcaf41724","2020-04-06","A","SQL/003Uploaded/war_world_LEGACY/AlpahRVRRelease/BountyDefintions.sql"
"b879f7994dc9c9dd0a0437a4f697074bcaf41724","2020-04-06","A","SQL/003Uploaded/war_world_LEGACY/AlpahRVRRelease/DefaultRVRProgressionWithFort.sql"
"b879f7994dc9c9dd0a0437a4f697074bcaf41724","2020-04-06","A","SQL/003Uploaded/war_world_LEGACY/AlpahRVRRelease/Fort_Zone_areas.sql"
"b879f7994dc9c9dd0a0437a4f697074bcaf41724","2020-04-06","A","SQL/003Uploaded/war_world_LEGACY/AlpahRVRRelease/HonorRewards.sql"
"b879f7994dc9c9dd0a0437a4f697074bcaf41724","2020-04-06","A","SQL/003Uploaded/war_world_LEGACY/AlpahRVRRelease/Invader_Merchant_City_2Currencys_V1.0.sql"
"b879f7994dc9c9dd0a0437a4f697074bcaf41724","2020-04-06","A","SQL/003Uploaded/war_world_LEGACY/AlpahRVRRelease/PlayerKeepSpawn.sql"
"b879f7994dc9c9dd0a0437a4f697074bcaf41724","2020-04-06","A","SQL/003Uploaded/war_world_LEGACY/AlpahRVRRelease/RVRPlayerGearDrop.sql"
"b879f7994dc9c9dd0a0437a4f697074bcaf41724","2020-04-06","A","SQL/003Uploaded/war_world_LEGACY/AlpahRVRRelease/SiegeSpawnPointsKeeps.sql"
"b879f7994dc9c9dd0a0437a4f697074bcaf41724","2020-04-06","A","SQL/003Uploaded/war_world_LEGACY/AlpahRVRRelease/SiegeWeapon_V1.1.sql"
"b879f7994dc9c9dd0a0437a4f697074bcaf41724","2020-04-06","A","SQL/003Uploaded/war_world_LEGACY/AlpahRVRRelease/WarlordGearForts.sql"
"b879f7994dc9c9dd0a0437a4f697074bcaf41724","2020-04-06","A","SQL/003Uploaded/war_world_LEGACY/AlphaRVR_CreatureProtoChanges.sql"
"b879f7994dc9c9dd0a0437a4f697074bcaf41724","2020-04-06","A","SQL/003Uploaded/war_world_LEGACY/Altdorf Qar Quarters.sql"
"b879f7994dc9c9dd0a0437a4f697074bcaf41724","2020-04-06","A","SQL/003Uploaded/war_world_LEGACY/AltdorfGate.sql"
"b879f7994dc9c9dd0a0437a4f697074bcaf41724","2020-04-06","A","SQL/003Uploaded/war_world_LEGACY/Anni_renown_fix.sql"
"b879f7994dc9c9dd0a0437a4f697074bcaf41724","2020-04-06","A","SQL/003Uploaded/war_world_LEGACY/Annihilator_Set_Bonus_Fix.sql"
"b879f7994dc9c9dd0a0437a4f697074bcaf41724","2020-04-06","A","SQL/003Uploaded/war_world_LEGACY/Annihilator_set_bonus_stat_fix_for_first_set_bonus_to_AOR.sql"
"b879f7994dc9c9dd0a0437a4f697074bcaf41724","2020-04-06","A","SQL/003Uploaded/war_world_LEGACY/AoE_Range_Test.sql"
"b879f7994dc9c9dd0a0437a4f697074bcaf41724","2020-04-06","A","SQL/003Uploaded/war_world_LEGACY/BLB_Toned_Down.sql"
"b879f7994dc9c9dd0a0437a4f697074bcaf41724","2020-04-06","A","SQL/003Uploaded/war_world_LEGACY/BW-Sorc_Proc_Tactic_Works_On_Group.sql"
"b879f7994dc9c9dd0a0437a4f697074bcaf41724","2020-04-06","A","SQL/003Uploaded/war_world_LEGACY/BW_Fueled_From_Within_Works_On_Group.sql"
"b879f7994dc9c9dd0a0437a4f697074bcaf41724","2020-04-06","A","SQL/003Uploaded/war_world_LEGACY/BlackMarketDealers.sql"
"b879f7994dc9c9dd0a0437a4f697074bcaf41724","2020-04-06","A","SQL/003Uploaded/war_world_LEGACY/BlackMarketItems.sql"
"b879f7994dc9c9dd0a0437a4f697074bcaf41724","2020-04-06","A","SQL/003Uploaded/war_world_LEGACY/Bloodfist_SM-WL_Stat_Adjust_and_Procs.sql"
"b879f7994dc9c9dd0a0437a4f697074bcaf41724","2020-04-06","A","SQL/003Uploaded/war_world_LEGACY/BountyDefintions.sql"
"b879f7994dc9c9dd0a0437a4f697074bcaf41724","2020-04-06","A","SQL/003Uploaded/war_world_LEGACY/BretinChanges148_v4.sql"
"b879f7994dc9c9dd0a0437a4f697074bcaf41724","2020-04-06","A","SQL/003Uploaded/war_world_LEGACY/BretinCombatChangesv5.sql"
"b879f7994dc9c9dd0a0437a4f697074bcaf41724","2020-04-06","A","SQL/003Uploaded/war_world_LEGACY/BretinCombatChangesv6.sql"
"b879f7994dc9c9dd0a0437a4f697074bcaf41724","2020-04-06","A","SQL/003Uploaded/war_world_LEGACY/Bretin_3.0.sql"
"b879f7994dc9c9dd0a0437a4f697074bcaf41724","2020-04-06","A","SQL/003Uploaded/war_world_LEGACY/Bretin_Changes2.0.sql"
"b879f7994dc9c9dd0a0437a4f697074bcaf41724","2020-04-06","A","SQL/003Uploaded/war_world_LEGACY/Bugman_Brew_Fix.sql"
"b879f7994dc9c9dd0a0437a4f697074bcaf41724","2020-04-06","A","SQL/003Uploaded/war_world_LEGACY/Chosen_Invader_Chest_Statfix.sql"
"b879f7994dc9c9dd0a0437a4f697074bcaf41724","2020-04-06","A","SQL/003Uploaded/war_world_LEGACY/Chosen_Invader_HP_regen_fix.sql"
"b879f7994dc9c9dd0a0437a4f697074bcaf41724","2020-04-06","A","SQL/003Uploaded/war_world_LEGACY/Chosen_and_Knight_channel_dmg_update.sql"
"b879f7994dc9c9dd0a0437a4f697074bcaf41724","2020-04-06","A","SQL/003Uploaded/war_world_LEGACY/Combat Changes v5.sql"
"b879f7994dc9c9dd0a0437a4f697074bcaf41724","2020-04-06","A","SQL/003Uploaded/war_world_LEGACY/Conq_Kladgird_Stat_fix.sql"
"b879f7994dc9c9dd0a0437a4f697074bcaf41724","2020-04-06","A","SQL/003Uploaded/war_world_LEGACY/Conq_STATS_reverts.sql"
"b879f7994dc9c9dd0a0437a4f697074bcaf41724","2020-04-06","A","SQL/003Uploaded/war_world_LEGACY/Conq_body_Vendorid_131.sql"
"b879f7994dc9c9dd0a0437a4f697074bcaf41724","2020-04-06","A","SQL/003Uploaded/war_world_LEGACY/Conqueror_Boots_Gloves_Tradeable.sql"
"b879f7994dc9c9dd0a0437a4f697074bcaf41724","2020-04-06","A","SQL/003Uploaded/war_world_LEGACY/Conqueror_Set_Bonus_Fix.sql"
"b879f7994dc9c9dd0a0437a4f697074bcaf41724","2020-04-06","A","SQL/003Uploaded/war_world_LEGACY/CorrosionFix.sql"
"b879f7994dc9c9dd0a0437a4f697074bcaf41724","2020-04-06","A","SQL/003Uploaded/war_world_LEGACY/DOK_and_WP_regen_update_to_12.sql"
"b879f7994dc9c9dd0a0437a4f697074bcaf41724","2020-04-06","A","SQL/003Uploaded/war_world_LEGACY/Declare_Anathema_Stagger_3s.sql"
"b879f7994dc9c9dd0a0437a4f697074bcaf41724","2020-04-06","A","SQL/003Uploaded/war_world_LEGACY/DefaultRVRProgressionWithFort.sql"
"b879f7994dc9c9dd0a0437a4f697074bcaf41724","2020-04-06","A","SQL/003Uploaded/war_world_LEGACY/Delete_College_Owl.sql"
"b879f7994dc9c9dd0a0437a4f697074bcaf41724","2020-04-06","A","SQL/003Uploaded/war_world_LEGACY/Delete_Order_Event_Accessory_Items.sql"
"b879f7994dc9c9dd0a0437a4f697074bcaf41724","2020-04-06","A","SQL/003Uploaded/war_world_LEGACY/Destro_Merchant_49_baseline_crests_to_100_for_LW_and_50_for_1h.sql"
"b879f7994dc9c9dd0a0437a4f697074bcaf41724","2020-04-06","A","SQL/003Uploaded/war_world_LEGACY/Destruction_Invader_Armor_Sets.sql"
"b879f7994dc9c9dd0a0437a4f697074bcaf41724","2020-04-06","A","SQL/003Uploaded/war_world_LEGACY/DetauntChanges.sql"
"b879f7994dc9c9dd0a0437a4f697074bcaf41724","2020-04-06","A","SQL/003Uploaded/war_world_LEGACY/Devastator_Renown_Requirment_Lowered_To_Live.sql"
"b879f7994dc9c9dd0a0437a4f697074bcaf41724","2020-04-06","A","SQL/003Uploaded/war_world_LEGACY/DoK_Groupcleanse_To_RoR_Version.sql"
"b879f7994dc9c9dd0a0437a4f697074bcaf41724","2020-04-06","A","SQL/003Uploaded/war_world_LEGACY/DoK_Groupcleanse_To_RoR_Version_2.sql"
"b879f7994dc9c9dd0a0437a4f697074bcaf41724","2020-04-06","A","SQL/003Uploaded/war_world_LEGACY/Doors_elf_fort.sql"
"b879f7994dc9c9dd0a0437a4f697074bcaf41724","2020-04-06","A","SQL/003Uploaded/war_world_LEGACY/Dragon_Gun_final.sql"
"b879f7994dc9c9dd0a0437a4f697074bcaf41724","2020-04-06","A","SQL/003Uploaded/war_world_LEGACY/DragonsBane.sql"
"b879f7994dc9c9dd0a0437a4f697074bcaf41724","2020-04-06","A","SQL/003Uploaded/war_world_LEGACY/Droprate_Increase_For_Spider_Sacs.sql"
"b879f7994dc9c9dd0a0437a4f697074bcaf41724","2020-04-06","A","SQL/003Uploaded/war_world_LEGACY/Droprate_increase_for_Blue-Purple_Gear.sql"
"b879f7994dc9c9dd0a0437a4f697074bcaf41724","2020-04-06","A","SQL/003Uploaded/war_world_LEGACY/Enervating_Dropping_From_Players.sql"
"b879f7994dc9c9dd0a0437a4f697074bcaf41724","2020-04-06","A","SQL/003Uploaded/war_world_LEGACY/Enervating_Dropping_From_Players_and_Mobs_above_37.sql"
"b879f7994dc9c9dd0a0437a4f697074bcaf41724","2020-04-06","A","SQL/003Uploaded/war_world_LEGACY/Fabricated_Crafting_Mats_No_Longer_BoP.sql"
"b879f7994dc9c9dd0a0437a4f697074bcaf41724","2020-04-06","A","SQL/003Uploaded/war_world_LEGACY/Final_Rev_fix_for_Ravage_Relentless_Myrmidias_fury.sql"
"b879f7994dc9c9dd0a0437a4f697074bcaf41724","2020-04-06","A","SQL/003Uploaded/war_world_LEGACY/Final_Update_for_Myrmidias_fury.sql"
"b879f7994dc9c9dd0a0437a4f697074bcaf41724","2020-04-06","A","SQL/003Uploaded/war_world_LEGACY/FixAOEForSorcBW.sql"
"b879f7994dc9c9dd0a0437a4f697074bcaf41724","2020-04-06","A","SQL/003Uploaded/war_world_LEGACY/Fix_3_mis-matched_SC_weapons.sql"
"b879f7994dc9c9dd0a0437a4f697074bcaf41724","2020-04-06","A","SQL/003Uploaded/war_world_LEGACY/Fix_Armor-Absorb_Pot_Conflict.sql"
"b879f7994dc9c9dd0a0437a4f697074bcaf41724","2020-04-06","A","SQL/003Uploaded/war_world_LEGACY/Fix_Crit_of_Int_SC_Weapons.sql"
"b879f7994dc9c9dd0a0437a4f697074bcaf41724","2020-04-06","A","SQL/003Uploaded/war_world_LEGACY/Fix_Crit_of_SC_Weapons.sql"
"b879f7994dc9c9dd0a0437a4f697074bcaf41724","2020-04-06","A","SQL/003Uploaded/war_world_LEGACY/Fix_Invader_Chest_and_Zealot_Weapon.sql"
"b879f7994dc9c9dd0a0437a4f697074bcaf41724","2020-04-06","A","SQL/003Uploaded/war_world_LEGACY/Fix_Sorc-BW_Bloodfist_staff_stat_and_proc.sql"
"b879f7994dc9c9dd0a0437a4f697074bcaf41724","2020-04-06","A","SQL/003Uploaded/war_world_LEGACY/Fix_White_Lion_Conqueror_Level_and_Renown_Requirement.sql"
"b879f7994dc9c9dd0a0437a4f697074bcaf41724","2020-04-06","A","SQL/003Uploaded/war_world_LEGACY/Fix_Witchelf_Invader_Throatlatch.sql"
"b879f7994dc9c9dd0a0437a4f697074bcaf41724","2020-04-06","A","SQL/003Uploaded/war_world_LEGACY/Fix_for_hate_generating_abilities.sql"
"b879f7994dc9c9dd0a0437a4f697074bcaf41724","2020-04-06","A","SQL/003Uploaded/war_world_LEGACY/Fixed_Lvl_175_Ballistic_Seed.sql"
"b879f7994dc9c9dd0a0437a4f697074bcaf41724","2020-04-06","A","SQL/003Uploaded/war_world_LEGACY/ForkedLancing.sql"
"b879f7994dc9c9dd0a0437a4f697074bcaf41724","2020-04-06","A","SQL/003Uploaded/war_world_LEGACY/FortZoneLockContributionDefinition.sql"
"b879f7994dc9c9dd0a0437a4f697074bcaf41724","2020-04-06","A","SQL/003Uploaded/war_world_LEGACY/Fort_Zone_areas.sql"
"b879f7994dc9c9dd0a0437a4f697074bcaf41724","2020-04-06","A","SQL/003Uploaded/war_world_LEGACY/Frozen_Touch_Damagefix.sql"
"b879f7994dc9c9dd0a0437a4f697074bcaf41724","2020-04-06","A","SQL/003Uploaded/war_world_LEGACY/GateOfEkrundFix.sql"
"b879f7994dc9c9dd0a0437a4f697074bcaf41724","2020-04-06","A","SQL/003Uploaded/war_world_LEGACY/Gauntlet.sql"
"b879f7994dc9c9dd0a0437a4f697074bcaf41724","2020-04-06","A","SQL/003Uploaded/war_world_LEGACY/General_Changes_V1.0.sql"
"b879f7994dc9c9dd0a0437a4f697074bcaf41724","2020-04-06","A","SQL/003Uploaded/war_world_LEGACY/GromrilPlating.sql"
"b879f7994dc9c9dd0a0437a4f697074bcaf41724","2020-04-06","A","SQL/003Uploaded/war_world_LEGACY/GrovodCaverns.sql"
"b879f7994dc9c9dd0a0437a4f697074bcaf41724","2020-04-06","A","SQL/003Uploaded/war_world_LEGACY/Hardy_Concession_.sql"
"b879f7994dc9c9dd0a0437a4f697074bcaf41724","2020-04-06","A","SQL/003Uploaded/war_world_LEGACY/IMPORTANT_DONT_DELETE_INSTANCE_ZONE_JUMPS.sql"
"b879f7994dc9c9dd0a0437a4f697074bcaf41724","2020-04-06","A","SQL/003Uploaded/war_world_LEGACY/Ik-Fort-Zone-Areas.sql"
"b879f7994dc9c9dd0a0437a4f697074bcaf41724","2020-04-06","A","SQL/003Uploaded/war_world_LEGACY/Impro._flee_Finished.sql"
"b879f7994dc9c9dd0a0437a4f697074bcaf41724","2020-04-06","A","SQL/003Uploaded/war_world_LEGACY/Improves_Fleeing.sql"
"b879f7994dc9c9dd0a0437a4f697074bcaf41724","2020-04-06","A","SQL/003Uploaded/war_world_LEGACY/InvaderSet_statfix_5Damage.sql"
"b879f7994dc9c9dd0a0437a4f697074bcaf41724","2020-04-06","A","SQL/003Uploaded/war_world_LEGACY/Invader_Costs_Invader_Crests_2.sql"
"b879f7994dc9c9dd0a0437a4f697074bcaf41724","2020-04-06","A","SQL/003Uploaded/war_world_LEGACY/IronCladSC.sql"
"b879f7994dc9c9dd0a0437a4f697074bcaf41724","2020-04-06","A","SQL/003Uploaded/war_world_LEGACY/IsSiegeFlags.sql"
"b879f7994dc9c9dd0a0437a4f697074bcaf41724","2020-04-06","A","SQL/003Uploaded/war_world_LEGACY/Kiss_of_Agony_Kiss_of_Doom_ICD_Removal.sql"
"b879f7994dc9c9dd0a0437a4f697074bcaf41724","2020-04-06","A","SQL/003Uploaded/war_world_LEGACY/Last_Stand.sql"
"b879f7994dc9c9dd0a0437a4f697074bcaf41724","2020-04-06","A","SQL/003Uploaded/war_world_LEGACY/Level_scroll_starter_gear.sql"
"b879f7994dc9c9dd0a0437a4f697074bcaf41724","2020-04-06","A","SQL/003Uploaded/war_world_LEGACY/Loot_fix_For_LV_belts_shizzle.sql"
"b879f7994dc9c9dd0a0437a4f697074bcaf41724","2020-04-06","A","SQL/003Uploaded/war_world_LEGACY/MakeDangerousTerritoryIllegal.sql"
"b879f7994dc9c9dd0a0437a4f697074bcaf41724","2020-04-06","A","SQL/003Uploaded/war_world_LEGACY/Mount_Dot_change.sql"
"b879f7994dc9c9dd0a0437a4f697074bcaf41724","2020-04-06","A","SQL/003Uploaded/war_world_LEGACY/NewRRPot.sql"
"b879f7994dc9c9dd0a0437a4f697074bcaf41724","2020-04-06","A","SQL/003Uploaded/war_world_LEGACY/Officer_Potion_Cost_Reduction.sql"
"b879f7994dc9c9dd0a0437a4f697074bcaf41724","2020-04-06","A","SQL/003Uploaded/war_world_LEGACY/OnslaughtJewelUniquEquip.sql"
"b879f7994dc9c9dd0a0437a4f697074bcaf41724","2020-04-06","A","SQL/003Uploaded/war_world_LEGACY/OrderDestInvaderVendors.sql"
"b879f7994dc9c9dd0a0437a4f697074bcaf41724","2020-04-06","A","SQL/003Uploaded/war_world_LEGACY/Order_Invader_Armor_Sets.sql"
"b879f7994dc9c9dd0a0437a4f697074bcaf41724","2020-04-06","A","SQL/003Uploaded/war_world_LEGACY/Order_Merchant_48_baseline_crests_to_100_for_LW_and_50_for_1h.sql"
"b879f7994dc9c9dd0a0437a4f697074bcaf41724","2020-04-06","A","SQL/003Uploaded/war_world_LEGACY/Order_starting_quest_fix.sql"
"b879f7994dc9c9dd0a0437a4f697074bcaf41724","2020-04-06","A","SQL/003Uploaded/war_world_LEGACY/PBAOE_Live_Event_Changes_for_all_classes.sql"
"b879f7994dc9c9dd0a0437a4f697074bcaf41724","2020-04-06","A","SQL/003Uploaded/war_world_LEGACY/PVEBastionStairAbilties.sql"
"b879f7994dc9c9dd0a0437a4f697074bcaf41724","2020-04-06","A","SQL/003Uploaded/war_world_LEGACY/PVEDungeonChanges.sql"
"b879f7994dc9c9dd0a0437a4f697074bcaf41724","2020-04-06","A","SQL/003Uploaded/war_world_LEGACY/PVEMay2019/boss_spawn.sql"
"b879f7994dc9c9dd0a0437a4f697074bcaf41724","2020-04-06","A","SQL/003Uploaded/war_world_LEGACY/PVEMay2019/chapter_infos.sql"
"b879f7994dc9c9dd0a0437a4f697074bcaf41724","2020-04-06","A","SQL/003Uploaded/war_world_LEGACY/PVEMay2019/correction.sql"
"b879f7994dc9c9dd0a0437a4f697074bcaf41724","2020-04-06","A","SQL/003Uploaded/war_world_LEGACY/PVEMay2019/creature_items.sql"
"b879f7994dc9c9dd0a0437a4f697074bcaf41724","2020-04-06","A","SQL/003Uploaded/war_world_LEGACY/PVEMay2019/creature_protos.sql"
"b879f7994dc9c9dd0a0437a4f697074bcaf41724","2020-04-06","A","SQL/003Uploaded/war_world_LEGACY/PVEMay2019/creature_smart_abilities.sql"
"b879f7994dc9c9dd0a0437a4f697074bcaf41724","2020-04-06","A","SQL/003Uploaded/war_world_LEGACY/PVEMay2019/creature_spawns.sql"
"b879f7994dc9c9dd0a0437a4f697074bcaf41724","2020-04-06","A","SQL/003Uploaded/war_world_LEGACY/PVEMay2019/gameobject_protos.sql"
"b879f7994dc9c9dd0a0437a4f697074bcaf41724","2020-04-06","A","SQL/003Uploaded/war_world_LEGACY/PVEMay2019/gameobject_spawns.sql"
"b879f7994dc9c9dd0a0437a4f697074bcaf41724","2020-04-06","A","SQL/003Uploaded/war_world_LEGACY/PVEMay2019/instance_boss_spawn.sql"
"b879f7994dc9c9dd0a0437a4f697074bcaf41724","2020-04-06","A","SQL/003Uploaded/war_world_LEGACY/PVEMay2019/instance_creature_spawn.sql"
"b879f7994dc9c9dd0a0437a4f697074bcaf41724","2020-04-06","A","SQL/003Uploaded/war_world_LEGACY/PVEMay2019/instance_infos.sql"
"b879f7994dc9c9dd0a0437a4f697074bcaf41724","2020-04-06","A","SQL/003Uploaded/war_world_LEGACY/PVEMay2019/instance_objects.sql"
"b879f7994dc9c9dd0a0437a4f697074bcaf41724","2020-04-06","A","SQL/003Uploaded/war_world_LEGACY/PVEMay2019/pquest_info.sql"
"b879f7994dc9c9dd0a0437a4f697074bcaf41724","2020-04-06","A","SQL/003Uploaded/war_world_LEGACY/PVEMay2019/pquest_objectives.sql"
"b879f7994dc9c9dd0a0437a4f697074bcaf41724","2020-04-06","A","SQL/003Uploaded/war_world_LEGACY/PVEMay2019/pquest_spawns.sql"
"b879f7994dc9c9dd0a0437a4f697074bcaf41724","2020-04-06","A","SQL/003Uploaded/war_world_LEGACY/PVEMay2019/scenario_infos.sql"
"b879f7994dc9c9dd0a0437a4f697074bcaf41724","2020-04-06","A","SQL/003Uploaded/war_world_LEGACY/PVEMay2019/scenario_objects.sql"
"b879f7994dc9c9dd0a0437a4f697074bcaf41724","2020-04-06","A","SQL/003Uploaded/war_world_LEGACY/PVEMay2019/zone_areas.sql"
"b879f7994dc9c9dd0a0437a4f697074bcaf41724","2020-04-06","A","SQL/003Uploaded/war_world_LEGACY/PVEMay2019/zone_infos.sql"
"b879f7994dc9c9dd0a0437a4f697074bcaf41724","2020-04-06","A","SQL/003Uploaded/war_world_LEGACY/PVEMay2019/zone_jumps.sql"
"b879f7994dc9c9dd0a0437a4f697074bcaf41724","2020-04-06","A","SQL/003Uploaded/war_world_LEGACY/PVEMay2019/zone_respawns.sql"
"b879f7994dc9c9dd0a0437a4f697074bcaf41724","2020-04-06","A","SQL/003Uploaded/war_world_LEGACY/Part1_Part14.sql"
"b879f7994dc9c9dd0a0437a4f697074bcaf41724","2020-04-06","A","SQL/003Uploaded/war_world_LEGACY/PlayerKeepSpawn.sql"
"b879f7994dc9c9dd0a0437a4f697074bcaf41724","2020-04-06","A","SQL/003Uploaded/war_world_LEGACY/Potion_of_Fame.sql"
"b879f7994dc9c9dd0a0437a4f697074bcaf41724","2020-04-06","A","SQL/003Uploaded/war_world_LEGACY/Pounce_stat_contribution_lowered_-_ThroatSlasha_and_RelentlessStrike_Increased.sql"
"b879f7994dc9c9dd0a0437a4f697074bcaf41724","2020-04-06","A","SQL/003Uploaded/war_world_LEGACY/PraagPatrolWaypoints.sql"
"b879f7994dc9c9dd0a0437a4f697074bcaf41724","2020-04-06","A","SQL/003Uploaded/war_world_LEGACY/Procs_on_Rememberance-Badmoon_MDPS_1Handers.sql"
"b879f7994dc9c9dd0a0437a4f697074bcaf41724","2020-04-06","A","SQL/003Uploaded/war_world_LEGACY/ROF_POSinternalupdate.sql"
"b879f7994dc9c9dd0a0437a4f697074bcaf41724","2020-04-06","A","SQL/003Uploaded/war_world_LEGACY/RR55SC.sql"
"b879f7994dc9c9dd0a0437a4f697074bcaf41724","2020-04-06","A","SQL/003Uploaded/war_world_LEGACY/RVRAreaPolygons.sql"
"b879f7994dc9c9dd0a0437a4f697074bcaf41724","2020-04-06","A","SQL/003Uploaded/war_world_LEGACY/RVRPlayerGearDrop.sql"
"b879f7994dc9c9dd0a0437a4f697074bcaf41724","2020-04-06","A","SQL/003Uploaded/war_world_LEGACY/ReiklandHills.sql"
"b879f7994dc9c9dd0a0437a4f697074bcaf41724","2020-04-06","A","SQL/003Uploaded/war_world_LEGACY/Remove_Hidden_Cost_From_RR45_Weapons.sql"
"b879f7994dc9c9dd0a0437a4f697074bcaf41724","2020-04-06","A","SQL/003Uploaded/war_world_LEGACY/Remove_Martial_Gear_From_Vanguard_Vendors.sql"
"b879f7994dc9c9dd0a0437a4f697074bcaf41724","2020-04-06","A","SQL/003Uploaded/war_world_LEGACY/Remove_Martial_Gear_From_Vendor_v2.sql"
"b879f7994dc9c9dd0a0437a4f697074bcaf41724","2020-04-06","A","SQL/003Uploaded/war_world_LEGACY/Remove_Rare_Fortune_AND_RoR_SC_Sets_From_Loot_Tables.sql"
"b879f7994dc9c9dd0a0437a4f697074bcaf41724","2020-04-06","A","SQL/003Uploaded/war_world_LEGACY/Remove_RoR_gearsets_1.sql"
"b879f7994dc9c9dd0a0437a4f697074bcaf41724","2020-04-06","A","SQL/003Uploaded/war_world_LEGACY/Remove_class_restriction_from_ravener_and_wisp_gear.sql"
"b879f7994dc9c9dd0a0437a4f697074bcaf41724","2020-04-06","A","SQL/003Uploaded/war_world_LEGACY/Removed122TMChapter.sql"
"b879f7994dc9c9dd0a0437a4f697074bcaf41724","2020-04-06","A","SQL/003Uploaded/war_world_LEGACY/Removes_hidden_cost_on_weapons.sql"
"b879f7994dc9c9dd0a0437a4f697074bcaf41724","2020-04-06","A","SQL/003Uploaded/war_world_LEGACY/Removing_RR65_weapons_from_Random_Vendor_in_IC.sql"
"b879f7994dc9c9dd0a0437a4f697074bcaf41724","2020-04-06","A","SQL/003Uploaded/war_world_LEGACY/ResetStarterQuests.sql"
"b879f7994dc9c9dd0a0437a4f697074bcaf41724","2020-04-06","A","SQL/003Uploaded/war_world_LEGACY/Respec_Token_Item_And_Added_to_Vendor.sql"
"b879f7994dc9c9dd0a0437a4f697074bcaf41724","2020-04-06","A","SQL/003Uploaded/war_world_LEGACY/Return_Leading_Shots_to_15.sql"
"b879f7994dc9c9dd0a0437a4f697074bcaf41724","2020-04-06","A","SQL/003Uploaded/war_world_LEGACY/Revert_PBAOE_Live_Event_Changes_for_all_classes.sql"
"b879f7994dc9c9dd0a0437a4f697074bcaf41724","2020-04-06","A","SQL/003Uploaded/war_world_LEGACY/Revert_Remove_Martial_Gear_From_Vanguard_Vendor.sql"
"b879f7994dc9c9dd0a0437a4f697074bcaf41724","2020-04-06","A","SQL/003Uploaded/war_world_LEGACY/SC_Quest_Giver_is_Now_Turn_In.sql"
"b879f7994dc9c9dd0a0437a4f697074bcaf41724","2020-04-06","A","SQL/003Uploaded/war_world_LEGACY/SC_killquests2warcrest.sql"
"b879f7994dc9c9dd0a0437a4f697074bcaf41724","2020-04-06","A","SQL/003Uploaded/war_world_LEGACY/SQL-Butchers_Pass-Fort_V1.0.sql"
"b879f7994dc9c9dd0a0437a4f697074bcaf41724","2020-04-06","A","SQL/003Uploaded/war_world_LEGACY/SQL-Butchers_Pass-Fort_V2.1.sql"
"b879f7994dc9c9dd0a0437a4f697074bcaf41724","2020-04-06","A","SQL/003Uploaded/war_world_LEGACY/SQL-Butchers_Pass-Fort_V2.2.sql"
"b879f7994dc9c9dd0a0437a4f697074bcaf41724","2020-04-06","A","SQL/003Uploaded/war_world_LEGACY/SQL-Fell_Landing-Fort_V1.0.sql"
"b879f7994dc9c9dd0a0437a4f697074bcaf41724","2020-04-06","A","SQL/003Uploaded/war_world_LEGACY/SQL-Fell_Landing-Fort_V2.1.sql"
"b879f7994dc9c9dd0a0437a4f697074bcaf41724","2020-04-06","A","SQL/003Uploaded/war_world_LEGACY/SQL-Fell_Landing-Fort_V2.2.sql"
"b879f7994dc9c9dd0a0437a4f697074bcaf41724","2020-04-06","A","SQL/003Uploaded/war_world_LEGACY/SQL-Maw-Fort_V1.0.sql"
"b879f7994dc9c9dd0a0437a4f697074bcaf41724","2020-04-06","A","SQL/003Uploaded/war_world_LEGACY/SQL-Maw-Fort_V2.1.sql"
"b879f7994dc9c9dd0a0437a4f697074bcaf41724","2020-04-06","A","SQL/003Uploaded/war_world_LEGACY/SQL-Maw-Fort_V2.2.sql"
"b879f7994dc9c9dd0a0437a4f697074bcaf41724","2020-04-06","A","SQL/003Uploaded/war_world_LEGACY/SQL-Maw-Fort_V2.3.sql"
"b879f7994dc9c9dd0a0437a4f697074bcaf41724","2020-04-06","A","SQL/003Uploaded/war_world_LEGACY/SQL-Reikwald-Fort_V1.4.sql"
"b879f7994dc9c9dd0a0437a4f697074bcaf41724","2020-04-06","A","SQL/003Uploaded/war_world_LEGACY/SQL-Reikwald-Fort_V2.1.sql"
"b879f7994dc9c9dd0a0437a4f697074bcaf41724","2020-04-06","A","SQL/003Uploaded/war_world_LEGACY/SQL-Reikwald-Fort_V2.2.sql"
"b879f7994dc9c9dd0a0437a4f697074bcaf41724","2020-04-06","A","SQL/003Uploaded/war_world_LEGACY/SQL-Shiningway-Fort_V1.0.sql"
"b879f7994dc9c9dd0a0437a4f697074bcaf41724","2020-04-06","A","SQL/003Uploaded/war_world_LEGACY/SQL-Shiningway-Fort_V2.1.sql"
"b879f7994dc9c9dd0a0437a4f697074bcaf41724","2020-04-06","A","SQL/003Uploaded/war_world_LEGACY/SQL-Shiningway-Fort_V2.2.sql"
"b879f7994dc9c9dd0a0437a4f697074bcaf41724","2020-04-06","A","SQL/003Uploaded/war_world_LEGACY/SQL-Stonewatch-Fort_V1.0.sql"
"b879f7994dc9c9dd0a0437a4f697074bcaf41724","2020-04-06","A","SQL/003Uploaded/war_world_LEGACY/SQL-Stonewatch-Fort_V2.1.sql"
"b879f7994dc9c9dd0a0437a4f697074bcaf41724","2020-04-06","A","SQL/003Uploaded/war_world_LEGACY/SQL-Stonewatch-Fort_V2.2.sql"
"b879f7994dc9c9dd0a0437a4f697074bcaf41724","2020-04-06","A","SQL/003Uploaded/war_world_LEGACY/Sentinel_Belt_Untradeable.sql"
"b879f7994dc9c9dd0a0437a4f697074bcaf41724","2020-04-06","A","SQL/003Uploaded/war_world_LEGACY/Sentinel_Prices_v_0_UPDATE_ALL_Classes.sql"
"b879f7994dc9c9dd0a0437a4f697074bcaf41724","2020-04-06","A","SQL/003Uploaded/war_world_LEGACY/Sentinel_Prices_v_0_UPDATE_ALL_Classes_updated_for_vendor_131.sql"
"b879f7994dc9c9dd0a0437a4f697074bcaf41724","2020-04-06","A","SQL/003Uploaded/war_world_LEGACY/SetScenarioT4.sql"
"b879f7994dc9c9dd0a0437a4f697074bcaf41724","2020-04-06","A","SQL/003Uploaded/war_world_LEGACY/Set_Altdorf-IC_To_Initial_Character_Spawn.sql"
"b879f7994dc9c9dd0a0437a4f697074bcaf41724","2020-04-06","A","SQL/003Uploaded/war_world_LEGACY/ShatterConfidence.sql"
"b879f7994dc9c9dd0a0437a4f697074bcaf41724","2020-04-06","A","SQL/003Uploaded/war_world_LEGACY/SiegeSpawnPointsKeeps.sql"
"b879f7994dc9c9dd0a0437a4f697074bcaf41724","2020-04-06","A","SQL/003Uploaded/war_world_LEGACY/SiegeWeapon.sql"
"b879f7994dc9c9dd0a0437a4f697074bcaf41724","2020-04-06","A","SQL/003Uploaded/war_world_LEGACY/SiegeWeapon_V1.1.sql"
"b879f7994dc9c9dd0a0437a4f697074bcaf41724","2020-04-06","A","SQL/003Uploaded/war_world_LEGACY/StartingQuests.sql"
"b879f7994dc9c9dd0a0437a4f697074bcaf41724","2020-04-06","A","SQL/003Uploaded/war_world_LEGACY/Stat_Adjust_and_Procs_for_2h_Staffs.sql"
"b879f7994dc9c9dd0a0437a4f697074bcaf41724","2020-04-06","A","SQL/003Uploaded/war_world_LEGACY/Stat_Adjust_and_Procs_for_Zealot-DoK_Inf.sql"
"b879f7994dc9c9dd0a0437a4f697074bcaf41724","2020-04-06","A","SQL/003Uploaded/war_world_LEGACY/Stat_Fix_for_Bloodfist_MDPS_.sql"
"b879f7994dc9c9dd0a0437a4f697074bcaf41724","2020-04-06","A","SQL/003Uploaded/war_world_LEGACY/Statfix__Procs_for_ENG-SW-SH_Inf_Wep.sql"
"b879f7994dc9c9dd0a0437a4f697074bcaf41724","2020-04-06","A","SQL/003Uploaded/war_world_LEGACY/Stone_Trolls_in_BC_Lvl_40.sql"
"b879f7994dc9c9dd0a0437a4f697074bcaf41724","2020-04-06","A","SQL/003Uploaded/war_world_LEGACY/TwistingTower.sql"
"b879f7994dc9c9dd0a0437a4f697074bcaf41724","2020-04-06","A","SQL/003Uploaded/war_world_LEGACY/UpdateIsSiegeForRams.sql"
"b879f7994dc9c9dd0a0437a4f697074bcaf41724","2020-04-06","A","SQL/003Uploaded/war_world_LEGACY/UpdateRVRPlayerDrops.sql"
"b879f7994dc9c9dd0a0437a4f697074bcaf41724","2020-04-06","A","SQL/003Uploaded/war_world_LEGACY/Update_Invader_Costs.sql"
"b879f7994dc9c9dd0a0437a4f697074bcaf41724","2020-04-06","A","SQL/003Uploaded/war_world_LEGACY/Update_MDPS_Procs_and_Knight-CH_Inf_Weapon_Stats.sql"
"b879f7994dc9c9dd0a0437a4f697074bcaf41724","2020-04-06","A","SQL/003Uploaded/war_world_LEGACY/Update_for_Ravage_and_Relentless_after_RvR_play_testing_on_live.sql"
"b879f7994dc9c9dd0a0437a4f697074bcaf41724","2020-04-06","A","SQL/003Uploaded/war_world_LEGACY/Updated_Annihilator_Set_Bonus_Fix.sql"
"b879f7994dc9c9dd0a0437a4f697074bcaf41724","2020-04-06","A","SQL/003Uploaded/war_world_LEGACY/Updated_based_on_testing_Ability_changes_04082018.sql"
"b879f7994dc9c9dd0a0437a4f697074bcaf41724","2020-04-06","A","SQL/003Uploaded/war_world_LEGACY/Vanguard_1_Copper (1).sql"
"b879f7994dc9c9dd0a0437a4f697074bcaf41724","2020-04-06","A","SQL/003Uploaded/war_world_LEGACY/Vanguard_1_Copper.sql"
"b879f7994dc9c9dd0a0437a4f697074bcaf41724","2020-04-06","A","SQL/003Uploaded/war_world_LEGACY/Vanguard_No_Sell_No_Salvage.sql"
"b879f7994dc9c9dd0a0437a4f697074bcaf41724","2020-04-06","A","SQL/003Uploaded/war_world_LEGACY/WE_Conq_Stat_Fix.sql"
"b879f7994dc9c9dd0a0437a4f697074bcaf41724","2020-04-06","A","SQL/003Uploaded/war_world_LEGACY/WH-WE_Selfpunt_Live_Values.sql"
"b879f7994dc9c9dd0a0437a4f697074bcaf41724","2020-04-06","A","SQL/003Uploaded/war_world_LEGACY/WP-DoK_AoE_Detaunt_No_2H.sql"
"b879f7994dc9c9dd0a0437a4f697074bcaf41724","2020-04-06","A","SQL/003Uploaded/war_world_LEGACY/WPRR29.sql"
"b879f7994dc9c9dd0a0437a4f697074bcaf41724","2020-04-06","A","SQL/003Uploaded/war_world_LEGACY/WP_DoK_HoT_9s_Duration.sql"
"b879f7994dc9c9dd0a0437a4f697074bcaf41724","2020-04-06","A","SQL/003Uploaded/war_world_LEGACY/WP_Inf_Stat_Adjust_and_Porc.sql"
"b879f7994dc9c9dd0a0437a4f697074bcaf41724","2020-04-06","A","SQL/003Uploaded/war_world_LEGACY/Watch_an_learn_fix.sql"
"b879f7994dc9c9dd0a0437a4f697074bcaf41724","2020-04-06","A","SQL/003Uploaded/war_world_LEGACY/Witchbrew_back_to_corporeal.sql"
"b879f7994dc9c9dd0a0437a4f697074bcaf41724","2020-04-06","A","SQL/003Uploaded/war_world_LEGACY/Zealot_Conq_CH_KOTBs_Invader_Squig_Sent_Fix.sql"
"b879f7994dc9c9dd0a0437a4f697074bcaf41724","2020-04-06","A","SQL/003Uploaded/war_world_LEGACY/Zealot_Conq_Set_Statfix.sql"
"b879f7994dc9c9dd0a0437a4f697074bcaf41724","2020-04-06","A","SQL/003Uploaded/war_world_LEGACY/anni_prices.sql"
"b879f7994dc9c9dd0a0437a4f697074bcaf41724","2020-04-06","A","SQL/003Uploaded/war_world_LEGACY/blast_changes.sql"
"b879f7994dc9c9dd0a0437a4f697074bcaf41724","2020-04-06","A","SQL/003Uploaded/war_world_LEGACY/bretin_ability_changes.sql"
"b879f7994dc9c9dd0a0437a4f697074bcaf41724","2020-04-06","A","SQL/003Uploaded/war_world_LEGACY/bugfix_patrols_on_test-server.sql"
"b879f7994dc9c9dd0a0437a4f697074bcaf41724","2020-04-06","A","SQL/003Uploaded/war_world_LEGACY/changes_for_Sacellum_Dungeons_Middle_Wing.sql"
"b879f7994dc9c9dd0a0437a4f697074bcaf41724","2020-04-06","A","SQL/003Uploaded/war_world_LEGACY/changes_for_Sacellum_Dungeons_West_Wing.sql"
"b879f7994dc9c9dd0a0437a4f697074bcaf41724","2020-04-06","A","SQL/003Uploaded/war_world_LEGACY/changes_for_instance_Bilerot_Burrow_complete.sql"
"b879f7994dc9c9dd0a0437a4f697074bcaf41724","2020-04-06","A","SQL/003Uploaded/war_world_LEGACY/changes_for_instance_Bloodwrought_Enclave_complete.sql"
"b879f7994dc9c9dd0a0437a4f697074bcaf41724","2020-04-06","A","SQL/003Uploaded/war_world_LEGACY/changes_for_instance_sacellum_East_wing_complete.sql"
"b879f7994dc9c9dd0a0437a4f697074bcaf41724","2020-04-06","A","SQL/003Uploaded/war_world_LEGACY/changes_for_instances_Bastion_stairs_complete (1).sql"
"b879f7994dc9c9dd0a0437a4f697074bcaf41724","2020-04-06","A","SQL/003Uploaded/war_world_LEGACY/changes_from_blast.sql"
"b879f7994dc9c9dd0a0437a4f697074bcaf41724","2020-04-06","A","SQL/003Uploaded/war_world_LEGACY/class_revert_12_0.sql"
"b879f7994dc9c9dd0a0437a4f697074bcaf41724","2020-04-06","A","SQL/003Uploaded/war_world_LEGACY/class_reverts_11.sql"
"b879f7994dc9c9dd0a0437a4f697074bcaf41724","2020-04-06","A","SQL/003Uploaded/war_world_LEGACY/class_reverts_12_1.sql"
"b879f7994dc9c9dd0a0437a4f697074bcaf41724","2020-04-06","A","SQL/003Uploaded/war_world_LEGACY/class_reverts_7.sql"
"b879f7994dc9c9dd0a0437a4f697074bcaf41724","2020-04-06","A","SQL/003Uploaded/war_world_LEGACY/crown_of_fire_rework.sql"
"b879f7994dc9c9dd0a0437a4f697074bcaf41724","2020-04-06","A","SQL/003Uploaded/war_world_LEGACY/dail_rewards__mounts_seller_.sql"
"b879f7994dc9c9dd0a0437a4f697074bcaf41724","2020-04-06","A","SQL/003Uploaded/war_world_LEGACY/death_peak_dragons.sql"
"b879f7994dc9c9dd0a0437a4f697074bcaf41724","2020-04-06","A","SQL/003Uploaded/war_world_LEGACY/deedtablesgameobjects.sql"
"b879f7994dc9c9dd0a0437a4f697074bcaf41724","2020-04-06","A","SQL/003Uploaded/war_world_LEGACY/dye_change.sql"
"b879f7994dc9c9dd0a0437a4f697074bcaf41724","2020-04-06","A","SQL/003Uploaded/war_world_LEGACY/dye_change2.sql"
"b879f7994dc9c9dd0a0437a4f697074bcaf41724","2020-04-06","A","SQL/003Uploaded/war_world_LEGACY/endlessblackdye.sql"
"b879f7994dc9c9dd0a0437a4f697074bcaf41724","2020-04-06","A","SQL/003Uploaded/war_world_LEGACY/fix_kotbs_anni.sql"
"b879f7994dc9c9dd0a0437a4f697074bcaf41724","2020-04-06","A","SQL/003Uploaded/war_world_LEGACY/groundingjumps.sql"
"b879f7994dc9c9dd0a0437a4f697074bcaf41724","2020-04-06","A","SQL/003Uploaded/war_world_LEGACY/infectious_bite.sql"
"b879f7994dc9c9dd0a0437a4f697074bcaf41724","2020-04-06","A","SQL/003Uploaded/war_world_LEGACY/instance_boss_spawns.sql"
"b879f7994dc9c9dd0a0437a4f697074bcaf41724","2020-04-06","A","SQL/003Uploaded/war_world_LEGACY/instance_infos.sql"
"b879f7994dc9c9dd0a0437a4f697074bcaf41724","2020-04-06","A","SQL/003Uploaded/war_world_LEGACY/keg_fix_maybe.sql"
"b879f7994dc9c9dd0a0437a4f697074bcaf41724","2020-04-06","A","SQL/003Uploaded/war_world_LEGACY/knockdown-standardisation.sql"
"b879f7994dc9c9dd0a0437a4f697074bcaf41724","2020-04-06","A","SQL/003Uploaded/war_world_LEGACY/loginrewardmountmerchants.sql"
"b879f7994dc9c9dd0a0437a4f697074bcaf41724","2020-04-06","A","SQL/003Uploaded/war_world_LEGACY/loot_item_options.sql"
"b879f7994dc9c9dd0a0437a4f697074bcaf41724","2020-04-06","A","SQL/003Uploaded/war_world_LEGACY/lootoptions.sql"
"b879f7994dc9c9dd0a0437a4f697074bcaf41724","2020-04-06","A","SQL/003Uploaded/war_world_LEGACY/new_starter_quest_IK.sql"
"b879f7994dc9c9dd0a0437a4f697074bcaf41724","2020-04-06","A","SQL/003Uploaded/war_world_LEGACY/new_starter_quests_and_beginner_experience.sql"
"b879f7994dc9c9dd0a0437a4f697074bcaf41724","2020-04-06","A","SQL/003Uploaded/war_world_LEGACY/playerkeepspawnfeederzone.sql"
"b879f7994dc9c9dd0a0437a4f697074bcaf41724","2020-04-06","A","SQL/003Uploaded/war_world_LEGACY/remove_anomolous_prices_from_vendors.sql"
"b879f7994dc9c9dd0a0437a4f697074bcaf41724","2020-04-06","A","SQL/003Uploaded/war_world_LEGACY/remove_crest_drops.sql"
"b879f7994dc9c9dd0a0437a4f697074bcaf41724","2020-04-06","A","SQL/003Uploaded/war_world_LEGACY/rvr_persist_sql.sql"
"b879f7994dc9c9dd0a0437a4f697074bcaf41724","2020-04-06","A","SQL/003Uploaded/war_world_LEGACY/rvrkeepitems.sql"
"b879f7994dc9c9dd0a0437a4f697074bcaf41724","2020-04-06","A","SQL/003Uploaded/war_world_LEGACY/salvagable_gear.sql"
"b879f7994dc9c9dd0a0437a4f697074bcaf41724","2020-04-06","A","SQL/003Uploaded/war_world_LEGACY/scenario_objects_changed.sql"
"b879f7994dc9c9dd0a0437a4f697074bcaf41724","2020-04-06","A","SQL/003Uploaded/war_world_LEGACY/testsword_1.sql"
"b879f7994dc9c9dd0a0437a4f697074bcaf41724","2020-04-06","A","SQL/003Uploaded/war_world_LEGACY/the_maw_creatures_gears.sql"
"b879f7994dc9c9dd0a0437a4f697074bcaf41724","2020-04-06","A","SQL/003Uploaded/war_world_LEGACY/update_speed_waypoints_100.sql"
"b879f7994dc9c9dd0a0437a4f697074bcaf41724","2020-04-06","A","SQL/003Uploaded/war_world_LEGACY/updatedkeeplist.sql"
"b879f7994dc9c9dd0a0437a4f697074bcaf41724","2020-04-06","A","SQL/003Uploaded/war_world_LEGACY/warf_cannon_fix.sql"
"b879f7994dc9c9dd0a0437a4f697074bcaf41724","2020-04-06","A","SQL/003Uploaded/war_world_LEGACY/waypoint_patrols_keeps.sql"
"b879f7994dc9c9dd0a0437a4f697074bcaf41724","2020-04-06","A","SQL/003Uploaded/war_world_LEGACY/zone_info_change.sql"
"b879f7994dc9c9dd0a0437a4f697074bcaf41724","2020-04-06","A","SQL/004DB_Installer/development/war_accounts.sql"
"b879f7994dc9c9dd0a0437a4f697074bcaf41724","2020-04-06","A","SQL/004DB_Installer/development/war_characters.sql"
"b879f7994dc9c9dd0a0437a4f697074bcaf41724","2020-04-06","A","SQL/004DB_Installer/development/war_world/abilities.sql"
"b879f7994dc9c9dd0a0437a4f697074bcaf41724","2020-04-06","A","SQL/004DB_Installer/development/war_world/ability_commands.sql"
"b879f7994dc9c9dd0a0437a4f697074bcaf41724","2020-04-06","A","SQL/004DB_Installer/development/war_world/ability_damage_heals.sql"
"b879f7994dc9c9dd0a0437a4f697074bcaf41724","2020-04-06","A","SQL/004DB_Installer/development/war_world/ability_knockback_info.sql"
"b879f7994dc9c9dd0a0437a4f697074bcaf41724","2020-04-06","A","SQL/004DB_Installer/development/war_world/ability_modifier_checks.sql"
"b879f7994dc9c9dd0a0437a4f697074bcaf41724","2020-04-06","A","SQL/004DB_Installer/development/war_world/ability_modifiers.sql"
"b879f7994dc9c9dd0a0437a4f697074bcaf41724","2020-04-06","A","SQL/004DB_Installer/development/war_world/battlefront_guards.sql"
"b879f7994dc9c9dd0a0437a4f697074bcaf41724","2020-04-06","A","SQL/004DB_Installer/development/war_world/battlefront_keep_status.sql"
"b879f7994dc9c9dd0a0437a4f697074bcaf41724","2020-04-06","A","SQL/004DB_Installer/development/war_world/battlefront_objectives.sql"
"b879f7994dc9c9dd0a0437a4f697074bcaf41724","2020-04-06","A","SQL/004DB_Installer/development/war_world/battlefront_objects.sql"
"b879f7994dc9c9dd0a0437a4f697074bcaf41724","2020-04-06","A","SQL/004DB_Installer/development/war_world/battlefront_resource_spawns.sql"
"b879f7994dc9c9dd0a0437a4f697074bcaf41724","2020-04-06","A","SQL/004DB_Installer/development/war_world/battlefront_status.sql"
"b879f7994dc9c9dd0a0437a4f697074bcaf41724","2020-04-06","A","SQL/004DB_Installer/development/war_world/black_market_vendor_items.sql"
"b879f7994dc9c9dd0a0437a4f697074bcaf41724","2020-04-06","A","SQL/004DB_Installer/development/war_world/boss_spawn.sql"
"b879f7994dc9c9dd0a0437a4f697074bcaf41724","2020-04-06","A","SQL/004DB_Installer/development/war_world/boss_spawn_abilities.sql"
"b879f7994dc9c9dd0a0437a4f697074bcaf41724","2020-04-06","A","SQL/004DB_Installer/development/war_world/boss_spawn_phases.sql"
"b879f7994dc9c9dd0a0437a4f697074bcaf41724","2020-04-06","A","SQL/004DB_Installer/development/war_world/bounty_contribution_analytics.sql"
"b879f7994dc9c9dd0a0437a4f697074bcaf41724","2020-04-06","A","SQL/004DB_Installer/development/war_world/bounty_contribution_analytics_details.sql"
"b879f7994dc9c9dd0a0437a4f697074bcaf41724","2020-04-06","A","SQL/004DB_Installer/development/war_world/bounty_contribution_definition.sql"
"b879f7994dc9c9dd0a0437a4f697074bcaf41724","2020-04-06","A","SQL/004DB_Installer/development/war_world/buff_commands.sql"
"b879f7994dc9c9dd0a0437a4f697074bcaf41724","2020-04-06","A","SQL/004DB_Installer/development/war_world/buff_infos.sql"
"b879f7994dc9c9dd0a0437a4f697074bcaf41724","2020-04-06","A","SQL/004DB_Installer/development/war_world/campaign_objective_buff.sql"
"b879f7994dc9c9dd0a0437a4f697074bcaf41724","2020-04-06","A","SQL/004DB_Installer/development/war_world/chapter_infos.sql"
"b879f7994dc9c9dd0a0437a4f697074bcaf41724","2020-04-06","A","SQL/004DB_Installer/development/war_world/chapter_rewards.sql"
"b879f7994dc9c9dd0a0437a4f697074bcaf41724","2020-04-06","A","SQL/004DB_Installer/development/war_world/characterinfo.sql"
"b879f7994dc9c9dd0a0437a4f697074bcaf41724","2020-04-06","A","SQL/004DB_Installer/development/war_world/characterinfo_items.sql"
"b879f7994dc9c9dd0a0437a4f697074bcaf41724","2020-04-06","A","SQL/004DB_Installer/development/war_world/characterinfo_renown.sql"
"b879f7994dc9c9dd0a0437a4f697074bcaf41724","2020-04-06","A","SQL/004DB_Installer/development/war_world/characterinfo_stats.sql"
"b879f7994dc9c9dd0a0437a4f697074bcaf41724","2020-04-06","A","SQL/004DB_Installer/development/war_world/classes.sql"
"b879f7994dc9c9dd0a0437a4f697074bcaf41724","2020-04-06","A","SQL/004DB_Installer/development/war_world/creature_abilities.sql"
"b879f7994dc9c9dd0a0437a4f697074bcaf41724","2020-04-06","A","SQL/004DB_Installer/development/war_world/creature_items.sql"
"b879f7994dc9c9dd0a0437a4f697074bcaf41724","2020-04-06","A","SQL/004DB_Installer/development/war_world/creature_loots.sql"
"b879f7994dc9c9dd0a0437a4f697074bcaf41724","2020-04-06","A","SQL/004DB_Installer/development/war_world/creature_protos.sql"
"b879f7994dc9c9dd0a0437a4f697074bcaf41724","2020-04-06","A","SQL/004DB_Installer/development/war_world/creature_smart_abilities.sql"
"b879f7994dc9c9dd0a0437a4f697074bcaf41724","2020-04-06","A","SQL/004DB_Installer/development/war_world/creature_spawns.sql"
"b879f7994dc9c9dd0a0437a4f697074bcaf41724","2020-04-06","A","SQL/004DB_Installer/development/war_world/creature_stats.sql"
"b879f7994dc9c9dd0a0437a4f697074bcaf41724","2020-04-06","A","SQL/004DB_Installer/development/war_world/creature_texts.sql"
"b879f7994dc9c9dd0a0437a4f697074bcaf41724","2020-04-06","A","SQL/004DB_Installer/development/war_world/creature_vendors.sql"
"b879f7994dc9c9dd0a0437a4f697074bcaf41724","2020-04-06","A","SQL/004DB_Installer/development/war_world/dye_infos.sql"
"b879f7994dc9c9dd0a0437a4f697074bcaf41724","2020-04-06","A","SQL/004DB_Installer/development/war_world/entries.sql"
"b879f7994dc9c9dd0a0437a4f697074bcaf41724","2020-04-06","A","SQL/004DB_Installer/development/war_world/event_infos.sql"
"b879f7994dc9c9dd0a0437a4f697074bcaf41724","2020-04-06","A","SQL/004DB_Installer/development/war_world/event_spawns.sql"
"b879f7994dc9c9dd0a0437a4f697074bcaf41724","2020-04-06","A","SQL/004DB_Installer/development/war_world/gameobject_loots.sql"
"b879f7994dc9c9dd0a0437a4f697074bcaf41724","2020-04-06","A","SQL/004DB_Installer/development/war_world/gameobject_protos.sql"
"b879f7994dc9c9dd0a0437a4f697074bcaf41724","2020-04-06","A","SQL/004DB_Installer/development/war_world/gameobject_spawns.sql"
"b879f7994dc9c9dd0a0437a4f697074bcaf41724","2020-04-06","A","SQL/004DB_Installer/development/war_world/guild_xp.sql"
"b879f7994dc9c9dd0a0437a4f697074bcaf41724","2020-04-06","A","SQL/004DB_Installer/development/war_world/honor_history.sql"
"b879f7994dc9c9dd0a0437a4f697074bcaf41724","2020-04-06","A","SQL/004DB_Installer/development/war_world/honor_rewards.sql"
"b879f7994dc9c9dd0a0437a4f697074bcaf41724","2020-04-06","A","SQL/004DB_Installer/development/war_world/instance_attributes.sql"
"b879f7994dc9c9dd0a0437a4f697074bcaf41724","2020-04-06","A","SQL/004DB_Installer/development/war_world/instance_boss_spawns.sql"
"b879f7994dc9c9dd0a0437a4f697074bcaf41724","2020-04-06","A","SQL/004DB_Installer/development/war_world/instance_creature_spawns.sql"
"b879f7994dc9c9dd0a0437a4f697074bcaf41724","2020-04-06","A","SQL/004DB_Installer/development/war_world/instance_encounters.sql"
"b879f7994dc9c9dd0a0437a4f697074bcaf41724","2020-04-06","A","SQL/004DB_Installer/development/war_world/instance_event_commands.sql"
"b879f7994dc9c9dd0a0437a4f697074bcaf41724","2020-04-06","A","SQL/004DB_Installer/development/war_world/instance_events.sql"
"b879f7994dc9c9dd0a0437a4f697074bcaf41724","2020-04-06","A","SQL/004DB_Installer/development/war_world/instance_infos.sql"
"b879f7994dc9c9dd0a0437a4f697074bcaf41724","2020-04-06","A","SQL/004DB_Installer/development/war_world/instance_lockouts.sql"
"b879f7994dc9c9dd0a0437a4f697074bcaf41724","2020-04-06","A","SQL/004DB_Installer/development/war_world/instance_objects.sql"
"b879f7994dc9c9dd0a0437a4f697074bcaf41724","2020-04-06","A","SQL/004DB_Installer/development/war_world/instance_scripts.sql"
"b879f7994dc9c9dd0a0437a4f697074bcaf41724","2020-04-06","A","SQL/004DB_Installer/development/war_world/instance_spawn_state_abilities.sql"
"b879f7994dc9c9dd0a0437a4f697074bcaf41724","2020-04-06","A","SQL/004DB_Installer/development/war_world/instance_spawn_states.sql"
"b879f7994dc9c9dd0a0437a4f697074bcaf41724","2020-04-06","A","SQL/004DB_Installer/development/war_world/instance_statistics.sql"
"b879f7994dc9c9dd0a0437a4f697074bcaf41724","2020-04-06","A","SQL/004DB_Installer/development/war_world/item_bonus.sql"
"b879f7994dc9c9dd0a0437a4f697074bcaf41724","2020-04-06","A","SQL/004DB_Installer/development/war_world/item_infos.sql"
"b879f7994dc9c9dd0a0437a4f697074bcaf41724","2020-04-06","A","SQL/004DB_Installer/development/war_world/item_rarity.sql"
"b879f7994dc9c9dd0a0437a4f697074bcaf41724","2020-04-06","A","SQL/004DB_Installer/development/war_world/item_sets.sql"
"b879f7994dc9c9dd0a0437a4f697074bcaf41724","2020-04-06","A","SQL/004DB_Installer/development/war_world/item_slots.sql"
"b879f7994dc9c9dd0a0437a4f697074bcaf41724","2020-04-06","A","SQL/004DB_Installer/development/war_world/keep_creatures.sql"
"b879f7994dc9c9dd0a0437a4f697074bcaf41724","2020-04-06","A","SQL/004DB_Installer/development/war_world/keep_doors.sql"
"b879f7994dc9c9dd0a0437a4f697074bcaf41724","2020-04-06","A","SQL/004DB_Installer/development/war_world/keep_infos.sql"
"b879f7994dc9c9dd0a0437a4f697074bcaf41724","2020-04-06","A","SQL/004DB_Installer/development/war_world/keep_spawn_points.sql"
"b879f7994dc9c9dd0a0437a4f697074bcaf41724","2020-04-06","A","SQL/004DB_Installer/development/war_world/kill_tracker.sql"
"b879f7994dc9c9dd0a0437a4f697074bcaf41724","2020-04-06","A","SQL/004DB_Installer/development/war_world/liveevent_infos.sql"
"b879f7994dc9c9dd0a0437a4f697074bcaf41724","2020-04-06","A","SQL/004DB_Installer/development/war_world/liveevent_reward_infos.sql"
"b879f7994dc9c9dd0a0437a4f697074bcaf41724","2020-04-06","A","SQL/004DB_Installer/development/war_world/liveevent_subtask_infos.sql"
"b879f7994dc9c9dd0a0437a4f697074bcaf41724","2020-04-06","A","SQL/004DB_Installer/development/war_world/liveevent_task_infos.sql"
"b879f7994dc9c9dd0a0437a4f697074bcaf41724","2020-04-06","A","SQL/004DB_Installer/development/war_world/loot_group_butchering.sql"
"b879f7994dc9c9dd0a0437a4f697074bcaf41724","2020-04-06","A","SQL/004DB_Installer/development/war_world/loot_group_items.sql"
"b879f7994dc9c9dd0a0437a4f697074bcaf41724","2020-04-06","A","SQL/004DB_Installer/development/war_world/loot_groups.sql"
"b879f7994dc9c9dd0a0437a4f697074bcaf41724","2020-04-06","A","SQL/004DB_Installer/development/war_world/mount_infos.sql"
"b879f7994dc9c9dd0a0437a4f697074bcaf41724","2020-04-06","A","SQL/004DB_Installer/development/war_world/pairing_infos.sql"
"b879f7994dc9c9dd0a0437a4f697074bcaf41724","2020-04-06","A","SQL/004DB_Installer/development/war_world/pet_mastery_modifiers.sql"
"b879f7994dc9c9dd0a0437a4f697074bcaf41724","2020-04-06","A","SQL/004DB_Installer/development/war_world/pet_stat_override.sql"
"b879f7994dc9c9dd0a0437a4f697074bcaf41724","2020-04-06","A","SQL/004DB_Installer/development/war_world/petinfo_stats.sql"
"b879f7994dc9c9dd0a0437a4f697074bcaf41724","2020-04-06","A","SQL/004DB_Installer/development/war_world/player_keep_spawn.sql"
"b879f7994dc9c9dd0a0437a4f697074bcaf41724","2020-04-06","A","SQL/004DB_Installer/development/war_world/pquest_info.sql"
"b879f7994dc9c9dd0a0437a4f697074bcaf41724","2020-04-06","A","SQL/004DB_Installer/development/war_world/pquest_loot.sql"
"b879f7994dc9c9dd0a0437a4f697074bcaf41724","2020-04-06","A","SQL/004DB_Installer/development/war_world/pquest_loot_crafting.sql"
"b879f7994dc9c9dd0a0437a4f697074bcaf41724","2020-04-06","A","SQL/004DB_Installer/development/war_world/pquest_objectives.sql"
"b879f7994dc9c9dd0a0437a4f697074bcaf41724","2020-04-06","A","SQL/004DB_Installer/development/war_world/pquest_spawns.sql"
"b879f7994dc9c9dd0a0437a4f697074bcaf41724","2020-04-06","A","SQL/004DB_Installer/development/war_world/quests.sql"
"b879f7994dc9c9dd0a0437a4f697074bcaf41724","2020-04-06","A","SQL/004DB_Installer/development/war_world/quests_creature_finisher.sql"
"b879f7994dc9c9dd0a0437a4f697074bcaf41724","2020-04-06","A","SQL/004DB_Installer/development/war_world/quests_creature_starter.sql"
"b879f7994dc9c9dd0a0437a4f697074bcaf41724","2020-04-06","A","SQL/004DB_Installer/development/war_world/quests_maps.sql"
"b879f7994dc9c9dd0a0437a4f697074bcaf41724","2020-04-06","A","SQL/004DB_Installer/development/war_world/quests_objectives.sql"
"b879f7994dc9c9dd0a0437a4f697074bcaf41724","2020-04-06","A","SQL/004DB_Installer/development/war_world/races.sql"
"b879f7994dc9c9dd0a0437a4f697074bcaf41724","2020-04-06","A","SQL/004DB_Installer/development/war_world/rallypoints.sql"
"b879f7994dc9c9dd0a0437a4f697074bcaf41724","2020-04-06","A","SQL/004DB_Installer/development/war_world/random_names.sql"
"b879f7994dc9c9dd0a0437a4f697074bcaf41724","2020-04-06","A","SQL/004DB_Installer/development/war_world/renown_infos.sql"
"b879f7994dc9c9dd0a0437a4f697074bcaf41724","2020-04-06","A","SQL/004DB_Installer/development/war_world/rvr_area_polygon.sql"
"b879f7994dc9c9dd0a0437a4f697074bcaf41724","2020-04-06","A","SQL/004DB_Installer/development/war_world/rvr_keep_lock_bag_reward_history.sql"
"b879f7994dc9c9dd0a0437a4f697074bcaf41724","2020-04-06","A","SQL/004DB_Installer/development/war_world/rvr_keep_lock_eligibility_history.sql"
"b879f7994dc9c9dd0a0437a4f697074bcaf41724","2020-04-06","A","SQL/004DB_Installer/development/war_world/rvr_keep_lock_reward.sql"
"b879f7994dc9c9dd0a0437a4f697074bcaf41724","2020-04-06","A","SQL/004DB_Installer/development/war_world/rvr_metrics.sql"
"b879f7994dc9c9dd0a0437a4f697074bcaf41724","2020-04-06","A","SQL/004DB_Installer/development/war_world/rvr_objects.sql"
"b879f7994dc9c9dd0a0437a4f697074bcaf41724","2020-04-06","A","SQL/004DB_Installer/development/war_world/rvr_player_contribution.sql"
"b879f7994dc9c9dd0a0437a4f697074bcaf41724","2020-04-06","A","SQL/004DB_Installer/development/war_world/rvr_player_gear_drop.sql"
"b879f7994dc9c9dd0a0437a4f697074bcaf41724","2020-04-06","A","SQL/004DB_Installer/development/war_world/rvr_player_kill_reward_history.sql"
"b879f7994dc9c9dd0a0437a4f697074bcaf41724","2020-04-06","A","SQL/004DB_Installer/development/war_world/rvr_progression.sql"
"b879f7994dc9c9dd0a0437a4f697074bcaf41724","2020-04-06","A","SQL/004DB_Installer/development/war_world/rvr_reward_fort_items.sql"
"b879f7994dc9c9dd0a0437a4f697074bcaf41724","2020-04-06","A","SQL/004DB_Installer/development/war_world/rvr_reward_keep_items.sql"
"b879f7994dc9c9dd0a0437a4f697074bcaf41724","2020-04-06","A","SQL/004DB_Installer/development/war_world/rvr_reward_objective_tick.sql"
"b879f7994dc9c9dd0a0437a4f697074bcaf41724","2020-04-06","A","SQL/004DB_Installer/development/war_world/rvr_reward_pairing_lock.sql"
"b879f7994dc9c9dd0a0437a4f697074bcaf41724","2020-04-06","A","SQL/004DB_Installer/development/war_world/rvr_reward_player_kill.sql"
"b879f7994dc9c9dd0a0437a4f697074bcaf41724","2020-04-06","A","SQL/004DB_Installer/development/war_world/rvr_reward_zone_lock.sql"
"b879f7994dc9c9dd0a0437a4f697074bcaf41724","2020-04-06","A","SQL/004DB_Installer/development/war_world/rvr_zone_lock_eligibility_history.sql"
"b879f7994dc9c9dd0a0437a4f697074bcaf41724","2020-04-06","A","SQL/004DB_Installer/development/war_world/rvr_zone_lock_item_option.sql"
"b879f7994dc9c9dd0a0437a4f697074bcaf41724","2020-04-06","A","SQL/004DB_Installer/development/war_world/rvr_zone_lock_reward.sql"
"b879f7994dc9c9dd0a0437a4f697074bcaf41724","2020-04-06","A","SQL/004DB_Installer/development/war_world/rvr_zone_lock_summary.sql"
"b879f7994dc9c9dd0a0437a4f697074bcaf41724","2020-04-06","A","SQL/004DB_Installer/development/war_world/scenario_gauntlet_spawn.sql"
"b879f7994dc9c9dd0a0437a4f697074bcaf41724","2020-04-06","A","SQL/004DB_Installer/development/war_world/scenario_infos.sql"
"b879f7994dc9c9dd0a0437a4f697074bcaf41724","2020-04-06","A","SQL/004DB_Installer/development/war_world/scenario_objects.sql"
"b879f7994dc9c9dd0a0437a4f697074bcaf41724","2020-04-06","A","SQL/004DB_Installer/development/war_world/timedannounces.sql"
"b879f7994dc9c9dd0a0437a4f697074bcaf41724","2020-04-06","A","SQL/004DB_Installer/development/war_world/tok_bestary.sql"
"b879f7994dc9c9dd0a0437a4f697074bcaf41724","2020-04-06","A","SQL/004DB_Installer/development/war_world/tok_infos.sql"
"b879f7994dc9c9dd0a0437a4f697074bcaf41724","2020-04-06","A","SQL/004DB_Installer/development/war_world/vendor_items.sql"
"b879f7994dc9c9dd0a0437a4f697074bcaf41724","2020-04-06","A","SQL/004DB_Installer/development/war_world/waypoints.sql"
"b879f7994dc9c9dd0a0437a4f697074bcaf41724","2020-04-06","A","SQL/004DB_Installer/development/war_world/world_settings.sql"
"b879f7994dc9c9dd0a0437a4f697074bcaf41724","2020-04-06","A","SQL/004DB_Installer/development/war_world/xp_infos.sql"
"b879f7994dc9c9dd0a0437a4f697074bcaf41724","2020-04-06","A","SQL/004DB_Installer/development/war_world/zone_areas.sql"
"b879f7994dc9c9dd0a0437a4f697074bcaf41724","2020-04-06","A","SQL/004DB_Installer/development/war_world/zone_infos.sql"
"b879f7994dc9c9dd0a0437a4f697074bcaf41724","2020-04-06","A","SQL/004DB_Installer/development/war_world/zone_jumps.sql"
"b879f7994dc9c9dd0a0437a4f697074bcaf41724","2020-04-06","A","SQL/004DB_Installer/development/war_world/zone_respawns.sql"
"b879f7994dc9c9dd0a0437a4f697074bcaf41724","2020-04-06","A","SQL/004DB_Installer/development/war_world/zone_taxis.sql"
"c8725523711053121c8e70d70d3bf424209a538d","2020-04-08","A","SQL/005Updates/2020_04_08_00_war_world_creature_protos.sql"
"f40898a456d021e77bbb8a255a3f8ddcdaf12188","2020-04-08","A","SQL/005Updates/2020_04_08_01_war_world_Mount Bloodhorn_creature_abilities.sql"
"884f1f268415d5ae1186bc32b1dac6762db5e537","2020-04-09","A","SQL/005Updates/2020_04_09_00_war_world_abilities_updated.sql"
"884f1f268415d5ae1186bc32b1dac6762db5e537","2020-04-09","A","SQL/005Updates/2020_04_09_00_war_world_ability_commands_updated.sql"
"0a4dcf883c4ebf4903c19168f6732b48fec7e9ef","2020-04-10","A","SQL/005Updates/2020_04_10_00_war_world_creature_protos.sql"
"6157333f56202308215fbd082677df93547decc0","2020-04-14","A","SQL/005Updates/2020_04_14_00_war_world_creature_protos.sql"
"c02d04eec0949f8fff52731d9f21536f862f6bbd","2020-04-16","A","SQL/005Updates/2020_04_16_00_war_world_creature_protos.sql"
"a01d12b49a39f70deadb027dc527cfa03bb1a750","2020-04-21","D","SQL/000Databases/war_world 08APR2020/war_world.sql"
"a01d12b49a39f70deadb027dc527cfa03bb1a750","2020-04-21","R100","SQL/005Updates/2020_04_09_00_war_world_abilities_updated.sql	SQL/003Uploaded/2020_04_09_00_war_world_abilities_updated.sql"
"a01d12b49a39f70deadb027dc527cfa03bb1a750","2020-04-21","R100","SQL/005Updates/2020_04_09_00_war_world_ability_commands_updated.sql	SQL/003Uploaded/2020_04_09_00_war_world_ability_commands_updated.sql"
"a01d12b49a39f70deadb027dc527cfa03bb1a750","2020-04-21","R100","SQL/005Updates/2020_04_10_00_war_world_creature_protos.sql	SQL/003Uploaded/2020_04_10_00_war_world_creature_protos.sql"
"a01d12b49a39f70deadb027dc527cfa03bb1a750","2020-04-21","R100","SQL/005Updates/2020_04_14_00_war_world_creature_protos.sql	SQL/003Uploaded/2020_04_14_00_war_world_creature_protos.sql"
"a01d12b49a39f70deadb027dc527cfa03bb1a750","2020-04-21","R100","SQL/005Updates/2020_04_16_00_war_world_creature_protos.sql	SQL/003Uploaded/2020_04_16_00_war_world_creature_protos.sql"
"ca8a2518524972a97fb656dd47ff196764f617cf","2020-04-22","A","SQL/005Updates/2020_04_22_00_war_world_creature_abilities.sql"
"f668410e35d58ccc72283218218253826fdf3af3","2020-04-23","A","SQL/005Updates/2020_04_23_00_war_world_creature_abilities.sql"
"9b8e56b8cfe078beb147c2006825326b548938cc","2020-04-23","A","SQL/005Updates/2020_04_23_01_war_world_creature_abilities.sql"
"4582d833cafd27ae7c7fc572a1b999b3df51f539","2020-04-24","A","SQL/005Updates/2020_04_24_00_war_world_creature_abilities.sql"
"6f594ce34f6b1718d9174fc414a5a53227e9f628","2020-04-24","A","SQL/005Updates/2020_04_24_01_war_world_waypoints.sql"
"db6f87c9d76cd9878d084118d60a0d1825fcbbbe","2020-04-26","A","SQL/005Updates/2020_04_26_00_war_world_creature_abilities.sql"
"e7411e833cb005965a3c39a7f6208a26bca40329","2020-04-26","A","SQL/005Updates/2020_04_26_01_war_world_waypoints.sql"
"3d8138af166764b13c259a8850e17c216ca85c50","2020-04-28","A","SQL/003Updates/2020_04_28_00_war_world_pq.sql"
"a8b62dbb3e50695580bbddccec83027e443c9d7e","2020-04-30","R097","SQL/003Updates/waypoints 29-04-20.sql	SQL/003Updates/2020_04_28_00_war_world_waypoints.sql"
"998dd4a7dc173026ee5fe77905b3bd439c31eee4","2020-04-30","A","SQL/003Updates/2020_04_30_00_war_world_creature_abilities.sql"
"c0e8602a419b77d64c837396913fa70713a11d6e","2020-04-30","A","SQL/003Updates/2020_04_30_01_war_world_creature_spawns.sql"
"7119981c09c6149cc17df96c5bcb72c7ce8fefb3","2020-04-30","A","SQL/003Updates/2020_04_30_02_war_world_waypoints.sql"
"a32ea4206b0e028a6ef7c8ceff676e214b5c69fd","2020-05-01","R100","SQL/003Updates/creature_protos hellcannons fix.sql	SQL/003Updates/2020_05_01_00_war_world_creature_protos_hellcannons_fix.sql"
"0b4f4543a996407a0b259fef26a37bc79c132b47","2020-05-01","A","SQL/003Updates/2020_05_01_01_war_world_waypoints.sql"
"cb4a8302ccf2c0a979f07472c773d13cb27c9d69","2020-05-01","A","SQL/003Updates/2020_05_01_02_war_world_creature_abilities.sql"
"c9fcf01d0ddaed6402a0bd4a7eb6652a349c6567","2020-05-02","A","SQL/003Updates/2020_05_02_00_war_world_quest.sql"
"d8b6b46d6ceb1e75585a562b94d31ba0a13105b2","2020-05-03","M","SQL/003Updates/2020_04_30_01_war_world_creature_spawns.sql"
"ab25d7c4374a0d900ba6d4b12483c0716ccf7fa9","2020-05-04","A","SQL/003Updates/2020_05_04_00_war_world_creature_abilities.sql"
"e288e33b59ba002b5bfa35aa24a3a8217af62eea","2020-05-04","A","SQL/003Updates/2020_05_04_01_war_world_creature_spawns.sql"
"46dbee57c3a6896f340038fed958359b9607e404","2020-05-04","A","SQL/003Updates/2020_05_04_02_war_world_waypoints.sql"
"ee68a1bc56d5dda715ef036dc49d6992b3e041b4","2020-05-05","A","SQL/003Updates/2020_05_05_00_war_world_creature.sql"
"0216e77c21e68a28cc5e2d1c42d56572b1bf9be6","2020-05-09","A","SQL/003Updates/2020_05_09_00_war_world_gm_commands.sql"
"a55b8b7313760253109ac3fd18ba9bce6e402a83","2020-05-16","A","SQL/003Updates/2020_05_16_00_war_world_creature_abilities.sql"
"619cad8581a08d78e6c110a34bda660dd82beff0","2020-05-16","A","SQL/003Updates/2020_05_16_01_war_world_waypoints.sql"
"ae8fdf9dddff2e8cf489f10a13411c409c250fb8","2020-05-16","A","SQL/003Updates/2020_05_16_02_war_world_creature_spawns.sql"
"600dc7106b7341ba6b5d635ad02400d63d275cc3","2020-05-16","M","SQL/003Updates/2020_05_16_02_war_world_creature_spawns.sql"
"ebf3b5566d6388d51dbefaf127baeec86b338af3","2020-05-17","A","SQL/003Updates/2020_05_17_00_war_world_waypoints.sql"
"1ea45fb25fe860f6e1d54b3e53aa8a7c494119ae","2020-05-18","A","SQL/003Updates/2020_05_18_00_war_world_waypoints.sql"
"5adabe158a6d70d451b161c2e186e4a15c029734","2020-06-08","A","SQL/003Updates/2020_06_08_00_war_world_creature_abilities.sql"
"fdab4f0c2d1666b916c2d8eb01cf75fb8117ce5c","2020-06-11","A","SQL/003Updates/2020_06_11_00_war_world_creature_abilities.sql"
"78b70161ce33c42adc13921ca98cb419ae1f2604","2020-06-12","A","SQL/003Updates/2020_06_12_00_war_world_creature_abilities.sql"
"e641f76243dcc05bc2f9237658b435269ea5e56c","2020-07-02","A","SQL/003Updates/2020_07_02_00_war_world_creature_abilities.sql"
"c8daf9991f5c3f62681f280ecca4a8fd0df2bab4","2020-07-02","A","SQL/003Updates/2020_07_02_01_war_world_creature_abilities.sql"
"88ae9e4e62cb4b44b060e6507aa62358029099eb","2020-07-02","A","SQL/003Updates/2020_07_02_02_war_world_creature_abilities.sql"
"53cff1d20f2d5998417ea9386d25043eafaa3578","2020-07-03","A","SQL/003Updates/2020_07_03_00_war_world_creature_abilities.sql"
"11a9d54651c1414078394f750b1f97474f1e291c","2020-07-07","A","SQL/003Updates/2020_07_07_00_war_world_creature_abilities.sql"
"f1d7cc3ac06f5de9fffcf6628b73c46a3c3a48d3","2020-07-07","A","SQL/003Updates/2020_07_07_01_war_world_creature_abilities.sql"
"327dd676719c39df6c3b671759ed9ef4596e2a1a","2020-07-08","A","SQL/003Updates/2020_07_08_00_war_world_creature_abilities.sql"
"fb5a6ebe47a2f5b8610a0fdbb883fb4a48b7b0ae","2020-07-08","A","SQL/003Updates/2020_07_08_01_war_world_creature_abilities.sql"
"5511d32026220180d9565d2f4a1033959861c265","2020-09-07","A","SQL/002Updates/2020_09_07_00_war_world_creature_abilities.sql"
"f10870a3ebae4207c0c1fbd0b19cd83d3688354d","2020-09-09","A","SQL/002Updates/2020_09_08_00_war_world_creature_abilities.sql"
"ce54f576c99f00540e322bb40a67373238a758a3","2020-09-09","A","SQL/002Updates/2020_09_09_00_war_world_creature_abilities.sql"
"33cf97852a8b5d89d8b1f31b7602ef8b9af0cb23","2020-11-19","R100","SQL/002Updates/2020_09_24_00war_world.sql	SQL/002Updates/2020_09_24_00_war_world.sql"
"33cf97852a8b5d89d8b1f31b7602ef8b9af0cb23","2020-11-19","R100","SQL/002Updates/2020_11_18_00war_world.sql	SQL/002Updates/2020_11_18_00_war_world.sql"
"a027eb0837a9590b8d2d2166d4349469941224ea","2021-01-25","A","SQL/002Updates/2021_01_25_00_war_world_creature_abilities.sql"
"2e99287327defb60be196d4bad300c197bf821ec","2021-03-09","A","SQL/002Updates/2021_03_09_00_war_world_creature_abilities.sql"
"5cd54ab40d9f7817568832afecaa377de770d923","2021-03-10","A","SQL/002Updates/2021_03_10_00_war_world_creature_abilities.sql"
"f87d573c8f9b9b92a64ee30cef4606642015dad1","2021-03-10","A","SQL/002Updates/2021_03_10_01_war_world_creature_items.sql"
"78975dc8a5b4eac39f6c32588ead10ac3bb62431","2021-03-18","A","SQL/002Updates/2021_03_18_00_war_world_creature_protos.sql"
"0c3c9eec1d1896686ec4cf09ecdf19fcfa9c31ef","2021-03-18","A","SQL/002Updates/2021_03_18_01_war_world_creature_abilities.sql"
"769ae1711ecd1532c034ec3357df0a83d78b45df","2021-03-23","M","SQL/001Uploaded/2021/MARCH/LIVE_EVENT_Heavy_Metal.sql"
"769ae1711ecd1532c034ec3357df0a83d78b45df","2021-03-23","M","SQL/001Uploaded/2021/MARCH/LIVE_EVENT_Keg_End.sql"
"769ae1711ecd1532c034ec3357df0a83d78b45df","2021-03-23","M","SQL/001Uploaded/2021/MARCH/LIVE_EVENT_TASKS.SQL"
"769ae1711ecd1532c034ec3357df0a83d78b45df","2021-03-23","M","SQL/001Uploaded/2021/MARCH/LIVE_EVENT_THE_WILD_HUNT.sql"
"769ae1711ecd1532c034ec3357df0a83d78b45df","2021-03-23","M","SQL/001Uploaded/2021/MARCH/LIVE_EVENT_THE_Witching_Night.sql"
"2863aeab2022c1528f531076546ebf8aa3ac1234","2021-03-26","R100","SQL/002Updates/liveevent_infos.sql	SQL/002Updates/2021_03_26_00_liveevent_infos.sql"
"d7b0f27ca6dc4a7fcd7d80f15321f3d2f4f9e90a","2021-03-26","A","SQL/002Updates/2021_03_26_01_war_world_creature_abilities.sql"
"5f4c2f8293a22e5e7cef9b3826672aa7a8d00036","2021-03-29","A","SQL/002Updates/2021_03_29_00_war_world_creature_abilities.sql"
"6cc2a4c80c1f90ff0706287389473aaf975bbf90","2021-03-29","A","SQL/002Updates/2021_03_29_01_war_world_gameobject_protos.sql"
"6cc2a4c80c1f90ff0706287389473aaf975bbf90","2021-03-29","D","SQL/002Updates/29-03-2021Temp land of the dead and dwalf city portals.sql"
"d948715f7e076f8e80b4e4232d4ea01b87a5ccbe","2021-03-29","M","SQL/002Updates/2021_03_29_01_war_world_gameobject_protos.sql"
"d948715f7e076f8e80b4e4232d4ea01b87a5ccbe","2021-03-29","A","SQL/002Updates/29-03-2021Temp land of the dead and dwalf city portals.sql"
"80acf63a613718e147985bd4a271aa4a032f644a","2021-03-29","D","SQL/002Updates/29-03-2021Temp land of the dead and dwalf city portals.sql"
"eac6c01e69245c3137da5938c95c8fde129564cd","2022-01-22","D","SQL/000Databases/war_world/2021_05_21_war_world/2021_05_21_war_world.sql"
"eac6c01e69245c3137da5938c95c8fde129564cd","2022-01-22","A","SQL/base/war_accounts/2022_01_22_war_accounts.sql"
"eac6c01e69245c3137da5938c95c8fde129564cd","2022-01-22","R100","SQL/000Databases/war_accounts/ACCOUNTS_ 29DEC2019.sql	SQL/base/war_accounts/old/ACCOUNTS_ 29DEC2019.sql"
"eac6c01e69245c3137da5938c95c8fde129564cd","2022-01-22","A","SQL/base/war_characters/2022_01_22_war_characters.sql"
"eac6c01e69245c3137da5938c95c8fde129564cd","2022-01-22","R100","SQL/000Databases/war_characters/CHARACTERS_29DEC2019.sql	SQL/base/war_characters/old/CHARACTERS_29DEC2019.sql"
"eac6c01e69245c3137da5938c95c8fde129564cd","2022-01-22","R100","SQL/001Uploaded/2021/APRIL/FIXED PQ 27-04-21/pquest_info.sql	SQL/old/2021/APRIL/FIXED PQ 27-04-21/pquest_info.sql"
"eac6c01e69245c3137da5938c95c8fde129564cd","2022-01-22","R100","SQL/001Uploaded/2021/APRIL/FIXED PQ 27-04-21/pquest_objectives.sql	SQL/old/2021/APRIL/FIXED PQ 27-04-21/pquest_objectives.sql"
"eac6c01e69245c3137da5938c95c8fde129564cd","2022-01-22","R100","SQL/001Uploaded/2021/APRIL/FIXED PQ 27-04-21/pquest_spawns.sql	SQL/old/2021/APRIL/FIXED PQ 27-04-21/pquest_spawns.sql"
"eac6c01e69245c3137da5938c95c8fde129564cd","2022-01-22","R100","SQL/001Uploaded/2021/JANUARY/2021_01_25_00_war_world_creature_abilities.sql	SQL/old/2021/JANUARY/2021_01_25_00_war_world_creature_abilities.sql"
"eac6c01e69245c3137da5938c95c8fde129564cd","2022-01-22","R100","SQL/001Uploaded/2021/MARCH/10New_titles_found_And_alot_of_Tok_unlocks_added_2.0.sql	SQL/old/2021/MARCH/10New_titles_found_And_alot_of_Tok_unlocks_added_2.0.sql"
"eac6c01e69245c3137da5938c95c8fde129564cd","2022-01-22","R100","SQL/001Uploaded/2021/MARCH/11Lost_vale_questline_fixed_mostly_order.sql	SQL/old/2021/MARCH/11Lost_vale_questline_fixed_mostly_order.sql"
"eac6c01e69245c3137da5938c95c8fde129564cd","2022-01-22","R100","SQL/001Uploaded/2021/MARCH/12LOTD Zone Taxis.sql	SQL/old/2021/MARCH/12LOTD Zone Taxis.sql"
"eac6c01e69245c3137da5938c95c8fde129564cd","2022-01-22","R100","SQL/001Uploaded/2021/MARCH/13LOTD PQ Quest.sql	SQL/old/2021/MARCH/13LOTD PQ Quest.sql"
"eac6c01e69245c3137da5938c95c8fde129564cd","2022-01-22","R100","SQL/001Uploaded/2021/MARCH/1DoomWarp.sql	SQL/old/2021/MARCH/1DoomWarp.sql"
"eac6c01e69245c3137da5938c95c8fde129564cd","2022-01-22","R100","SQL/001Uploaded/2021/MARCH/2021_03_09_00_war_world_creature_abilities.sql	SQL/old/2021/MARCH/2021_03_09_00_war_world_creature_abilities.sql"
"eac6c01e69245c3137da5938c95c8fde129564cd","2022-01-22","R100","SQL/001Uploaded/2021/MARCH/2021_03_10_00_war_world_creature_abilities.sql	SQL/old/2021/MARCH/2021_03_10_00_war_world_creature_abilities.sql"
"eac6c01e69245c3137da5938c95c8fde129564cd","2022-01-22","R100","SQL/001Uploaded/2021/MARCH/2021_03_10_01_war_world_creature_items.sql	SQL/old/2021/MARCH/2021_03_10_01_war_world_creature_items.sql"
"eac6c01e69245c3137da5938c95c8fde129564cd","2022-01-22","R100","SQL/001Uploaded/2021/MARCH/2021_03_15_00_war_world_creature_abilities.sql	SQL/old/2021/MARCH/2021_03_15_00_war_world_creature_abilities.sql"
"eac6c01e69245c3137da5938c95c8fde129564cd","2022-01-22","R100","SQL/001Uploaded/2021/MARCH/2021_03_18_00_war_world_creature_protos.sql	SQL/old/2021/MARCH/2021_03_18_00_war_world_creature_protos.sql"
"eac6c01e69245c3137da5938c95c8fde129564cd","2022-01-22","R100","SQL/001Uploaded/2021/MARCH/2021_03_18_01_war_world_creature_abilities.sql	SQL/old/2021/MARCH/2021_03_18_01_war_world_creature_abilities.sql"
"eac6c01e69245c3137da5938c95c8fde129564cd","2022-01-22","R100","SQL/001Uploaded/2021/MARCH/2021_03_26_00_liveevent_infos.sql	SQL/old/2021/MARCH/2021_03_26_00_liveevent_infos.sql"
"eac6c01e69245c3137da5938c95c8fde129564cd","2022-01-22","R100","SQL/001Uploaded/2021/MARCH/2021_03_26_01_war_world_creature_abilities.sql	SQL/old/2021/MARCH/2021_03_26_01_war_world_creature_abilities.sql"
"eac6c01e69245c3137da5938c95c8fde129564cd","2022-01-22","R100","SQL/001Uploaded/2021/MARCH/2021_03_29_00_war_world_creature_abilities.sql	SQL/old/2021/MARCH/2021_03_29_00_war_world_creature_abilities.sql"
"eac6c01e69245c3137da5938c95c8fde129564cd","2022-01-22","R100","SQL/001Uploaded/2021/MARCH/2021_03_29_01_war_world_gameobject_protos.sql	SQL/old/2021/MARCH/2021_03_29_01_war_world_gameobject_protos.sql"
"eac6c01e69245c3137da5938c95c8fde129564cd","2022-01-22","R100","SQL/001Uploaded/2021/MARCH/2doomflay_and_warpforged_updated.sql	SQL/old/2021/MARCH/2doomflay_and_warpforged_updated.sql"
"eac6c01e69245c3137da5938c95c8fde129564cd","2022-01-22","R100","SQL/001Uploaded/2021/MARCH/3IMPORTANT_DONT_DELETE_INSTANCE_ZONE_JUMPS.sql	SQL/old/2021/MARCH/3IMPORTANT_DONT_DELETE_INSTANCE_ZONE_JUMPS.sql"
"eac6c01e69245c3137da5938c95c8fde129564cd","2022-01-22","R100","SQL/001Uploaded/2021/MARCH/4LOTD GameObject Update.sql	SQL/old/2021/MARCH/4LOTD GameObject Update.sql"
"eac6c01e69245c3137da5938c95c8fde129564cd","2022-01-22","R100","SQL/001Uploaded/2021/MARCH/5LOTD Creatures Update.sql	SQL/old/2021/MARCH/5LOTD Creatures Update.sql"
"eac6c01e69245c3137da5938c95c8fde129564cd","2022-01-22","R100","SQL/001Uploaded/2021/MARCH/6random_small_bugs_fixed.sql	SQL/old/2021/MARCH/6random_small_bugs_fixed.sql"
"eac6c01e69245c3137da5938c95c8fde129564cd","2022-01-22","R100","SQL/001Uploaded/2021/MARCH/7Lost_vale_LIVE_LIKE.sql	SQL/old/2021/MARCH/7Lost_vale_LIVE_LIKE.sql"
"eac6c01e69245c3137da5938c95c8fde129564cd","2022-01-22","R100","SQL/001Uploaded/2021/MARCH/8New_titles_found_And_alot_of_Tok_unlocks_for_gears_i_believe.sql	SQL/old/2021/MARCH/8New_titles_found_And_alot_of_Tok_unlocks_for_gears_i_believe.sql"
"eac6c01e69245c3137da5938c95c8fde129564cd","2022-01-22","R100","SQL/001Uploaded/2021/MARCH/9New_titles_found_And_alot_of_Tok_unlocks_added_3.sql	SQL/old/2021/MARCH/9New_titles_found_And_alot_of_Tok_unlocks_added_3.sql"
"eac6c01e69245c3137da5938c95c8fde129564cd","2022-01-22","R100","SQL/001Uploaded/2021/MARCH/LIVE_EVENT_Heavy_Metal.sql	SQL/old/2021/MARCH/LIVE_EVENT_Heavy_Metal.sql"
"eac6c01e69245c3137da5938c95c8fde129564cd","2022-01-22","R100","SQL/001Uploaded/2021/MARCH/LIVE_EVENT_Keg_End.sql	SQL/old/2021/MARCH/LIVE_EVENT_Keg_End.sql"
"eac6c01e69245c3137da5938c95c8fde129564cd","2022-01-22","R100","SQL/001Uploaded/2021/MARCH/LIVE_EVENT_TASKS.SQL	SQL/old/2021/MARCH/LIVE_EVENT_TASKS.SQL"
"eac6c01e69245c3137da5938c95c8fde129564cd","2022-01-22","R100","SQL/001Uploaded/2021/MARCH/LIVE_EVENT_THE_WILD_HUNT.sql	SQL/old/2021/MARCH/LIVE_EVENT_THE_WILD_HUNT.sql"
"eac6c01e69245c3137da5938c95c8fde129564cd","2022-01-22","R100","SQL/001Uploaded/2021/MARCH/LIVE_EVENT_THE_Witching_Night.sql	SQL/old/2021/MARCH/LIVE_EVENT_THE_Witching_Night.sql"
"eac6c01e69245c3137da5938c95c8fde129564cd","2022-01-22","R100","SQL/002Updates/2021_05_05_000Lasting Screening Potion.sql	SQL/old/2021/MAY/2021_05_05_000Lasting Screening Potion.sql"
"eac6c01e69245c3137da5938c95c8fde129564cd","2022-01-22","R100","SQL/002Updates/2021_05_05_001Lasting Screening Potion.sql	SQL/old/2021/MAY/2021_05_05_001Lasting Screening Potion.sql"
"eac6c01e69245c3137da5938c95c8fde129564cd","2022-01-22","R100","SQL/002Updates/2021_05_05_002Lasting Screening Potion.sql	SQL/old/2021/MAY/2021_05_05_002Lasting Screening Potion.sql"
"eac6c01e69245c3137da5938c95c8fde129564cd","2022-01-22","R100","SQL/002Updates/2021_05_11_000TableCorrections.sql	SQL/old/2021/MAY/2021_05_11_000TableCorrections.sql"
"eac6c01e69245c3137da5938c95c8fde129564cd","2022-01-22","R100","SQL/002Updates/2021_05_11_001CreatureProto.sql	SQL/old/2021/MAY/2021_05_11_001CreatureProto.sql"
"eac6c01e69245c3137da5938c95c8fde129564cd","2022-01-22","R100","SQL/002Updates/2021_05_11_002DB.sql	SQL/old/2021/MAY/2021_05_11_002DB.sql"
"eac6c01e69245c3137da5938c95c8fde129564cd","2022-01-22","R100","SQL/CharValueDump.sql	SQL/other/CharValueDump.sql"
"eac6c01e69245c3137da5938c95c8fde129564cd","2022-01-22","R100","SQL/CreateCharValueDump.sql	SQL/other/CreateCharValueDump.sql"
"eac6c01e69245c3137da5938c95c8fde129564cd","2022-01-22","R100","SQL/000Databases/LIVE_EVENT_REWARDS.SQL	SQL/other/LIVE_EVENT_REWARDS.SQL"
"eac6c01e69245c3137da5938c95c8fde129564cd","2022-01-22","A","SQL/updates/war_characters/2022_01_22_00_war_characters_console_error.sql"
"fc7b80065458265548c96c672801081235e2d088","2022-01-22","A","SQL/updates/war_world/2022_01_22_00_war_world_console_error.sql"
"caa0e628cd84aa18a4912ae18e77b6c83e403e25","2022-01-22","A","SQL/updates/war_world/2022_01_22_01_war_world_console_error.sql"
"16172b79fbe14c8601964667f3156bd1cafd8988","2022-01-22","M","SQL/updates/war_world/2022_01_22_01_war_world_console_error.sql"
"5bcff31b3c78474500afd5d6519b54b2cffe1018","2022-01-24","A","SQL/updates/war_world/2022_01_24_00_war_world_characterinfo.sql"
"d7cf61675c3b4fb1d9fdc239376146c70df793f9","2022-01-24","A","SQL/updates/war_world/2022_01_24_01_war_world_creature_spawns.sql"
"e7d42e547c40111cd935010f744e003d3736bed3","2022-01-31","A","SQL/updates/war_world/2022_01_31_00_war_world_creature_abilities.sql"
"9d290bb87d6cb2efd53a6a5eb201bb99f7e3b938","2022-01-31","A","SQL/updates/war_world/2022_01_31_01_war_world_creature_abilities.sql"
"9a6802cc0df62492b42e7dd5372ef2d156f464c6","2022-01-31","A","SQL/updates/war_world/2022_01_31_02_war_world_creature_abilities.sql"
"1fe768c38b7ae84f01f6a53b70ffb7aba1727439","2022-01-31","A","SQL/updates/war_world/2022_01_31_03_war_world_creature_abilities.sql"
"dcf2a61ca1f82454d91b5ed07b35675eb5729d74","2022-04-28","A","SQL/updates/war_world/2022_04_28_01_war_world_quest.sql"
"536e45414a71943366961c657413b4dac5975d3e","2022-04-29","A","SQL/updates/war_world/2022_04_28_02_war_world_item.sql"
"697ab486dcc58755685f449fcf43d2f9335b4422","2022-04-29","A","SQL/updates/war_world/2022_04_29_01_war_world_waypoints.sql"
"053462c499a01710df132bdd0d84a8e144f48e48","2022-04-30","A","SQL/updates/war_world/2022_04_30_01_war_world_ability_damage_heals.sql"
"738faf05b52045f022cd1cff2002edbfe1ec1a2a","2022-04-30","A","SQL/updates/war_world/2022_04_30_02_war_world_abilities.sql"
"36c85e933e7ced66b1c2d2f7175c545ccc1ccc33","2022-05-01","A","SQL/updates/war_world/2022_05_01_00_war_world_wandering.sql"
"0cdbe018c71532a520a3fb90a0d06292ad1c6951","2022-05-01","A","SQL/updates/war_world/2022_05_01_01_war_world_wandering.sql"
"1c0e4296b7fcd733b8648392fef7b9507a38e76b","2022-05-01","A","SQL/updates/war_world/2022_05_01_02_war_world_waypoints.sql"
"370f0ac8fcccbe90c8785c2dd8cf63fa0b4442b7","2022-05-01","A","SQL/updates/war_world/2022_05_01_03_war_world_wandering.sql"
"59eeb167379ec11ffebe005fef102b8fde09b386","2022-05-05","A","SQL/updates/war_world/2022_05_04_00_war_world_databases.sql"
"2e8858cbcdae2ffc77f41cda20cf5489172486a3","2022-05-05","A","SQL/updates/war_world/2022_05_05_00_war_world_wandering.sql"
"9b2e43e05d0f98d297424218c542eef554909004","2022-05-06","A","SQL/updates/war_world/2022_05_06_00_war_world_creature_smart_abilities.sql"
"cdc3826a5aa48f7d780f4fd9774115cf8c695a03","2022-05-17","A","SQL/updates/war_world/2022_05_17_00_war_world_wandering.sql"
"d5a0c1f76292978bf8e4713a7cce1eba571b2ca5","2022-05-17","M","SQL/updates/war_world/2022_05_17_00_war_world_wandering.sql"
"eb425274b67129a2f1b9ea61789a79d06b32c6bb","2022-05-21","A","SQL/updates/war_world/2022_05_21_02_war_world_creature_smart_abilities.sql"
"c41ad17df53a0477cf66ffdcfde04f1486e96165","2022-05-22","A","SQL/updates/war_world/2022_05_21_03_war_world_creature_item.sql"
"fecdfb07030aa8e7e6af909f9286c0f51b00f430","2022-05-28","A","SQL/updates/war_world/2022_05_28_00_war_world_waypoints.sql"
"843c376d9b3423f20403e9bb9a339941a9f3b318","2022-05-30","A","SQL/updates/war_world/2022_05_30_00_war_world_pquest.sql"
"02eff8abcb655cee5751263bd4fd22d0ca547c6c","2022-05-30","R089","SQL/updates/T1 batllefeald flags fixed/rvr_progression.sql	SQL/updates/war_world/2022_05_30_01_war_world_rvr_progression.sql"
"5f0f85961dfe83acbb718d3ed8aec9ae3c494d3c","2022-06-13","A","SQL/updates/war_world/2022_06_13_00_war_world_creature_protos.sql"
"a91c204408743a35375fbd7609c785db345783e7","2022-06-14","A","SQL/updates/war_world/2022_06_14_00_war_world_gameobject_protos.sql"
"6619f058c8f2b1f05a9f84838a6a0bdf9154f38c","2022-06-14","A","SQL/updates/war_world/2022_06_14_01_war_world_quest.sql"
"55d68fc50ef2bbebde1296fbe96f28aa4d1447ca","2022-06-15","A","SQL/updates/war_world/2022_06_15_00_war_world_wandering.sql"
"bef933acffb54a2b1b2efd7c1cf6a50e63b6bf23","2022-06-16","A","SQL/updates/war_world/2022_06_16_00_war_world_creature.sql"
"15af0fcfe86b7341b8f551f4b5a8fb5b18f5fc63","2022-06-16","A","SQL/updates/war_world/2022_06_16_00_war_world_wandering.sql"
"f23d696dc9f6d1859b7e3ed9c0d7f04fd310d5fc","2022-06-17","D","SQL/updates/war_world/2022_06_16_00_war_world_wandering.sql"
"799f30eba8b0bb63b4629d4ec5a9b5ac24e705f0","2022-06-20","A","SQL/updates/war_world/2022_06_20_00_war_world_gameobject_protos.sql"
"4ce146b310298666d48c4a11fe06c3d4131c750e","2022-06-20","D","SQL/updates/war_world/2022_06_20_00_war_world_gameobject_protos.sql"
"3bc7dabca2795550dec43b3790cc4953e79bb265","2022-06-29","A","SQL/updates/war_world/2022_06_29_00_war_world_creature_smart_abilities.sql"
"3bc7dabca2795550dec43b3790cc4953e79bb265","2022-06-29","A","SQL/updates/war_world/2022_06_29_01_war_world_creature_smart_abilities.sql"
"5c044304e15e9a75d56cc88b9a00efd1a9f6ac91","2022-06-30","A","SQL/updates/war_world/2022_06_30_00_war_world_quest.sql"
